Rank,Name,Team,Position,Week,Opponent,PassingYards,PassingTouchdowns,PassingInterceptions,RushingYards,RushingTouchdowns,Receptions,ReceivingYards,ReceivingTouchdowns,Sacks,Interceptions,FumblesForced,FumblesRecovered,FantasyPointsPerGameFanDuel,FantasyPointsFanDuel
1,Antonio Brown,PIT,WR,11,TEN,0,0,0,0,0,10,144,3,0,0,0,0,37.4,37.4
2,Keenan Allen,LAC,WR,11,BUF,0,0,0,3,0,12,159,2,0,0,0,0,34.2,34.2
3,Russell Wilson,SEA,QB,11,ATL,258,2,1,86,1,0,0,0,0,0,1,0,31.9,31.92
4,Ben Roethlisberger,PIT,QB,11,TEN,299,4,0,10,0,0,0,0,0,0,0,0,29,28.96
5,Kenny Stills,MIA,WR,11,TB,0,0,0,0,0,7,180,1,0,0,0,0,27.5,27.5
6,Baltimore Ravens,BAL,DST,11,GB,0,0,0,0,0,0,0,0,6,3,3,2,26,26
7,Kirk Cousins,WAS,QB,11,NO,322,3,0,11,0,0,0,0,0,0,0,0,26,25.98
8,Tom Brady,NE,QB,11,LV,340,3,0,0,0,0,0,0,0,0,0,0,25.6,25.6
9,LeSean McCoy,BUF,RB,11,LAC,0,0,0,114,1,1,12,1,0,0,0,0,25.1,25.1
10,Los Angeles Chargers,LAC,DST,11,BUF,0,0,0,0,0,0,0,0,1,5,1,1,25,25
10,Jacksonville Jaguars,JAX,DST,11,CLE,0,0,0,0,0,0,0,0,5,2,3,3,25,25
12,Brandin Cooks,NE,WR,11,LV,0,0,0,0,0,6,149,1,0,0,0,0,23.9,23.9
13,Mark Ingram II,NO,RB,11,WAS,0,0,0,134,1,3,21,0,0,0,0,0,23,23
14,Drew Brees,NO,QB,11,WAS,385,2,1,2,0,0,0,0,0,0,0,0,22.6,22.6
14,Alvin Kamara,NO,RB,11,WAS,0,0,0,42,0,6,74,1,0,0,0,0,22.6,22.6
16,Latavius Murray,MIN,RB,11,LAR,0,0,0,95,2,1,1,0,0,0,0,0,22.1,22.1
17,Philadelphia Eagles,PHI,DST,11,DAL,0,0,0,0,0,0,0,0,4,3,1,1,22,22
18,Blaine Gabbert,ARI,QB,11,HOU,257,3,2,13,0,0,0,0,0,0,0,0,21.6,21.58
19,D'Onta Foreman,HOU,RB,11,ARI,0,0,0,65,2,3,15,0,0,0,0,0,21.5,21.5
20,Adam Thielen,MIN,WR,11,LAR,0,0,0,0,0,6,123,1,0,0,0,0,21.3,21.3
21,Carson Wentz,PHI,QB,11,DAL,168,2,0,13,0,0,0,0,0,0,0,0,20,20.02
22,Stephen Gostkowski,NE,K,11,LV,0,0,0,0,0,0,0,0,0,0,0,0,20,20
23,Ryan Fitzpatrick,TB,QB,11,MIA,275,2,0,9,0,0,0,0,0,0,0,0,19.9,19.9
24,Rishard Matthews,TEN,WR,11,PIT,0,0,0,0,0,5,113,1,0,0,0,0,19.8,19.8
25,Larry Fitzgerald,ARI,WR,11,HOU,0,0,0,0,0,9,91,1,0,0,0,0,19.6,19.6
26,Samaje Perine,WAS,RB,11,NO,0,0,0,117,1,1,9,0,0,0,0,0,19.1,19.1
27,Chris Boswell,PIT,K,11,TEN,0,0,0,0,0,0,0,0,0,0,0,0,19,19
28,Ricky Seals-Jones,ARI,TE,11,HOU,0,0,0,0,0,3,54,2,0,0,0,0,18.9,18.9
29,Marcus Mariota,TEN,QB,11,PIT,306,1,4,5,1,0,0,0,0,0,0,0,18.7,18.74
30,Andy Dalton,CIN,QB,11,DEN,154,3,0,4,0,0,0,0,0,0,0,0,18.6,18.56
31,Jordan Howard,CHI,RB,11,DET,0,0,0,125,1,0,0,0,0,0,0,0,18.5,18.5
32,Matthew Stafford,DET,QB,11,CHI,299,2,0,3,0,0,0,0,0,0,0,0,18.3,18.26
33,Tyrod Taylor,BUF,QB,11,LAC,158,1,0,38,1,0,0,0,0,0,0,0,18.1,18.12
34,Philip Rivers,LAC,QB,11,BUF,251,2,0,0,0,0,0,0,0,0,0,0,18,18.04
35,Nick Novak,LAC,K,11,BUF,0,0,0,0,0,0,0,0,0,0,0,0,18,18
35,Tampa Bay Buccaneers,TB,DST,11,MIA,0,0,0,0,0,0,0,0,1,3,1,2,18,18
37,Jimmy Graham,SEA,TE,11,ATL,0,0,0,0,0,7,58,1,0,0,0,0,17.3,17.3
38,Case Keenum,MIN,QB,11,LAR,280,1,0,20,0,0,0,0,0,0,0,0,17.2,17.2
39,Matt Ryan,ATL,QB,11,SEA,195,2,0,12,0,0,0,0,0,0,0,0,17,17
39,Wil Lutz,NO,K,11,WAS,0,0,0,0,0,0,0,0,0,0,0,0,17,17
41,Dion Lewis,NE,RB,11,LV,0,0,0,60,0,4,28,1,0,0,0,0,16.8,16.8
42,Alshon Jeffery,PHI,WR,11,DAL,0,0,0,0,0,4,67,1,0,0,0,0,16.7,16.7
43,Davante Adams,GB,WR,11,BAL,0,0,0,0,0,8,126,0,0,0,0,0,16.6,16.6
43,Danny Amendola,NE,WR,11,LV,0,0,0,0,0,8,66,1,0,0,0,0,16.6,16.6
45,Marvin Jones Jr.,DET,WR,11,CHI,0,0,0,0,0,4,85,1,0,0,0,0,16.5,16.5
45,Jarvis Landry,MIA,WR,11,TB,0,0,0,0,0,6,95,1,0,0,0,0,16.5,16.5
47,Lamar Miller,HOU,RB,11,ARI,0,0,0,61,0,4,22,1,0,0,0,0,16.3,16.3
48,Orleans Darkwa,NYG,RB,11,KC,0,0,0,74,1,2,16,0,0,0,0,0,16,16
48,Pittsburgh Steelers,PIT,DST,11,TEN,0,0,0,0,0,0,0,0,5,4,0,0,16,16
50,DeAndre Hopkins,HOU,WR,11,ARI,0,0,0,0,0,4,76,1,0,0,0,0,15.6,15.6
51,Brock Osweiler,DEN,QB,11,CIN,254,1,1,24,0,0,0,0,0,0,0,0,15.6,15.56
52,Matt Moore,MIA,QB,11,TB,282,1,0,0,0,0,0,0,0,0,0,0,15.3,15.28
53,Alex Collins,BAL,RB,11,GB,0,0,0,49,1,4,22,0,0,0,0,0,15.1,15.1
54,Demaryius Thomas,DEN,WR,11,CIN,0,0,0,0,0,5,64,1,0,0,0,0,14.9,14.9
55,Le'Veon Bell,PIT,RB,11,TEN,0,0,0,46,0,9,57,0,0,0,0,0,14.8,14.8
56,Duke Johnson,CLE,RB,11,JAX,0,0,0,10,0,4,56,1,0,0,0,0,14.6,14.6
57,Tom Savage,HOU,QB,11,ARI,230,2,1,3,0,0,0,0,0,0,0,0,14.5,14.5
58,Derek Carr,LV,QB,11,NE,237,1,1,0,0,0,0,0,0,0,0,0,14.5,14.48
59,Mitchell Trubisky,CHI,QB,11,DET,179,1,0,53,0,0,0,0,0,0,0,0,14.5,14.46
60,Melvin Gordon III,LAC,RB,11,BUF,0,0,0,80,1,0,0,0,0,0,0,0,14,14
61,Tarik Cohen,CHI,RB,11,DET,0,0,0,44,1,4,15,0,0,0,0,0,13.9,13.9
61,Travis Kelce,KC,TE,11,NYG,0,0,1,0,0,8,109,0,0,0,0,0,13.9,13.9
63,Mike Wallace,BAL,WR,11,GB,0,0,0,0,0,4,56,1,0,0,0,0,13.6,13.6
64,Ryan Grant,WAS,WR,11,NO,0,0,0,0,0,3,59,1,0,0,0,0,13.4,13.4
65,Todd Gurley II,LAR,RB,11,MIN,0,0,0,37,1,3,19,0,0,0,0,0,13.1,13.1
66,Corey Clement,PHI,RB,11,DAL,0,0,0,50,1,0,0,0,0,0,0,0,13,13
66,A.J. Green,CIN,WR,11,DEN,0,0,0,0,0,4,50,1,0,0,0,0,13,13
68,Leonard Fournette,JAX,RB,11,CLE,0,0,0,111,0,2,7,0,0,0,0,0,12.8,12.8
68,Austin Ekeler,LAC,RB,11,BUF,0,0,0,40,1,2,18,0,0,0,0,0,12.8,12.8
70,O.J. Howard,TB,TE,11,MIA,0,0,0,0,0,3,52,1,0,0,0,0,12.7,12.7
71,Tevin Coleman,ATL,RB,11,SEA,0,0,0,43,1,1,15,0,0,0,0,0,12.3,12.3
71,Devontae Booker,DEN,RB,11,CIN,0,0,0,44,0,5,54,0,0,0,0,0,12.3,12.3
73,Delanie Walker,TEN,TE,11,PIT,0,0,0,0,0,6,92,0,0,0,0,0,12.2,12.2
74,Adam Shaheen,CHI,TE,11,DET,0,0,0,0,0,4,41,1,0,0,0,0,12.1,12.1
74,Michael Thomas,NO,WR,11,WAS,0,0,0,0,0,6,91,0,0,0,0,0,12.1,12.1
74,Robert Woods,LAR,WR,11,MIN,0,0,0,0,0,8,81,0,0,0,0,0,12.1,12.1
77,Patrick Murray,TB,K,11,MIA,0,0,0,0,0,0,0,0,0,0,0,0,12,12
77,Atlanta Falcons,ATL,DST,11,SEA,0,0,0,0,0,0,0,0,3,1,1,1,12,12
77,Blair Walsh,SEA,K,11,ATL,0,0,0,0,0,0,0,0,0,0,0,0,12,12
80,Tyreek Hill,KC,WR,11,NYG,0,0,0,16,0,7,68,0,0,0,0,0,11.9,11.9
81,Mike Evans,TB,WR,11,MIA,0,0,0,0,0,5,92,0,0,0,0,0,11.7,11.7
82,Coby Fleener,NO,TE,11,WAS,0,0,0,0,0,5,91,0,0,0,0,0,11.6,11.6
83,Jamaal Williams,GB,RB,11,BAL,0,0,0,57,0,4,38,0,0,0,0,0,11.5,11.5
84,Alex Erickson,CIN,WR,11,DEN,0,0,0,0,0,2,42,1,0,0,0,0,11.2,11.2
84,Mohamed Sanu Sr.,ATL,WR,11,SEA,0,0,0,3,0,3,34,1,0,0,0,0,11.2,11.2
86,Jamison Crowder,WAS,WR,11,NO,0,0,0,4,0,7,72,0,0,0,0,0,11.1,11.1
87,Matt Prater,DET,K,11,CHI,0,0,0,0,0,0,0,0,0,0,0,0,11,11
87,Justin Tucker,BAL,K,11,GB,0,0,0,0,0,0,0,0,0,0,0,0,11,11
87,New York Giants,NYG,DST,11,KC,0,0,0,0,0,0,0,0,1,3,0,0,11,11
87,Doug Baldwin,SEA,WR,11,ATL,0,0,0,0,0,2,40,1,0,0,0,0,11,11
87,Matt Bryant,ATL,K,11,SEA,0,0,0,0,0,0,0,0,0,0,0,0,11,11
87,Mike Nugent,DAL,K,11,PHI,0,0,0,0,0,0,0,0,0,0,0,0,11,11
87,Corey Coleman,CLE,WR,11,JAX,0,0,0,0,0,6,80,0,0,0,0,0,11,11
94,Damien Williams,MIA,RB,11,TB,0,0,0,78,0,1,24,0,0,0,0,0,10.7,10.7
95,Jay Ajayi,PHI,RB,11,DAL,0,0,0,91,0,1,10,0,0,0,0,0,10.6,10.6
95,CJ Anderson,DEN,RB,11,CIN,0,0,0,37,1,2,19,0,0,0,0,0,10.6,10.6
95,Jesse James,PIT,TE,11,TEN,0,0,0,0,0,5,21,1,0,0,0,0,10.6,10.6
98,Ameer Abdullah,DET,RB,11,CHI,0,0,0,22,0,2,13,1,0,0,0,0,10.5,10.5
98,Ted Ginn Jr.,NO,WR,11,WAS,0,0,0,-12,0,6,87,0,0,0,0,0,10.5,10.5
100,Torrey Smith,PHI,WR,11,DAL,0,0,0,0,0,3,28,1,0,0,0,0,10.3,10.3
100,Amari Cooper,LV,WR,11,NE,0,0,0,0,0,3,28,1,0,0,0,0,10.3,10.3
100,Dez Bryant,DAL,WR,11,PHI,0,0,0,0,0,8,63,0,0,0,0,0,10.3,10.3
103,Joe Flacco,BAL,QB,11,GB,183,1,1,-1,0,0,0,0,0,0,0,0,10.2,10.22
104,Levine Toilolo,ATL,TE,11,SEA,0,0,0,0,0,2,31,1,0,0,0,0,10.1,10.1
104,Josh Doctson,WAS,WR,11,NO,0,0,0,0,0,4,81,0,0,0,0,0,10.1,10.1
104,Michael Crabtree,LV,WR,11,NE,0,0,0,0,0,6,51,0,0,0,0,0,10.1,10.1
107,Alex Smith,KC,QB,11,NYG,230,0,2,27,0,0,0,0,0,0,0,0,9.9,9.9
108,Jared Goff,LAR,QB,11,MIN,225,0,0,8,0,0,0,0,0,0,0,0,9.8,9.8
108,Chris Thompson,WAS,RB,11,NO,0,0,0,17,0,1,16,1,0,0,0,0,9.8,9.8
108,DeSean Jackson,TB,WR,11,MIA,0,0,0,0,0,2,28,1,0,0,0,0,9.8,9.8
108,Bruce Ellington,HOU,WR,11,ARI,0,0,0,5,0,6,63,0,0,0,0,0,9.8,9.8
112,Marcedes Lewis,JAX,TE,11,CLE,0,0,0,0,0,2,26,1,0,0,0,0,9.6,9.6
112,Julio Jones,ATL,WR,11,SEA,0,0,0,0,0,5,71,0,0,0,0,0,9.6,9.6
114,Kareem Hunt,KC,RB,11,NYG,0,0,0,73,0,3,4,0,0,0,0,0,9.2,9.2
115,Alfred Morris,DAL,RB,11,PHI,0,0,0,91,0,0,0,0,0,0,0,0,9.1,9.1
115,Kenjon Barner,PHI,RB,11,DAL,0,0,0,4,1,1,22,0,0,0,0,0,9.1,9.1
117,Harrison Butker,KC,K,11,NYG,0,0,0,0,0,0,0,0,0,0,0,0,9,9
117,Detroit Lions,DET,DST,11,CHI,0,0,0,0,0,0,0,0,1,0,0,1,9,9
117,New England Patriots,NE,DST,11,LV,0,0,0,0,0,0,0,0,1,1,1,1,9,9
120,Zay Jones,BUF,WR,11,LAC,0,0,0,0,0,4,68,0,0,0,0,0,8.8,8.8
121,Eli Manning,NYG,QB,11,KC,205,0,0,5,0,0,0,0,0,0,0,0,8.7,8.7
122,Travaris Cadet,BUF,RB,11,LAC,0,0,0,17,0,6,39,0,0,0,0,0,8.6,8.6
123,Blake Bortles,JAX,QB,11,CLE,154,1,0,4,0,0,0,0,0,0,0,0,8.6,8.56
124,Jerick McKinnon,MIN,RB,11,LAR,0,0,0,48,0,5,12,0,0,0,0,0,8.5,8.5
125,Kyle Rudolph,MIN,TE,11,LAR,0,0,0,0,0,5,58,0,0,0,0,0,8.3,8.3
126,Marshawn Lynch,LV,RB,11,NE,0,0,0,67,0,1,10,0,0,0,0,0,8.2,8.2
126,Tyler Kroft,CIN,TE,11,DEN,0,0,0,0,0,2,12,1,0,0,0,0,8.2,8.2
126,Vernon Davis,WAS,TE,11,NO,0,0,0,0,0,3,67,0,0,0,0,0,8.2,8.2
129,Paul Richardson,SEA,WR,11,ATL,0,0,0,0,0,5,56,0,0,0,0,0,8.1,8.1
130,Cody Parkey,MIA,K,11,TB,0,0,0,0,0,0,0,0,0,0,0,0,8,8
130,Stephen Hauschka,BUF,K,11,LAC,0,0,0,0,0,0,0,0,0,0,0,0,8,8
130,Cleveland Browns,CLE,DST,11,JAX,0,0,0,0,0,0,0,0,2,0,3,1,8,8
130,Cincinnati Bengals,CIN,DST,11,DEN,0,0,0,0,0,0,0,0,3,1,1,1,8,8
130,Minnesota Vikings,MIN,DST,11,LAR,0,0,0,0,0,0,0,0,2,0,1,1,8,8
135,J.D. McKissic,SEA,RB,11,ATL,0,0,0,30,0,5,23,0,0,0,0,0,7.8,7.8
136,TJ Jones,DET,WR,11,CHI,0,0,0,0,0,4,55,0,0,0,0,0,7.5,7.5
137,Cooper Kupp,LAR,WR,11,MIN,0,0,0,0,0,6,64,0,0,0,0,0,7.4,7.4
138,DeShone Kizer,CLE,QB,11,JAX,179,1,2,22,0,0,0,0,0,0,0,0,7.4,7.36
139,Jeremy Sprinkle,WAS,TE,11,NO,0,0,0,0,0,1,7,1,0,0,0,0,7.2,7.2
139,DeMarco Murray,TEN,RB,11,PIT,0,0,0,10,0,5,37,0,0,0,0,0,7.2,7.2
141,Josh Lambo,JAX,K,11,CLE,0,0,0,0,0,0,0,0,0,0,0,0,7,7
141,Nick Rose,WAS,K,11,NO,0,0,0,0,0,0,0,0,0,0,0,0,7,7
141,Ka'imi Fairbairn,HOU,K,11,ARI,0,0,0,0,0,0,0,0,0,0,0,0,7,7
141,Roger Lewis,NYG,WR,11,KC,0,0,0,0,0,3,55,0,0,0,0,0,7,7
141,Marqise Lee,JAX,WR,11,CLE,0,0,0,0,0,5,45,0,0,0,0,0,7,7
146,Mike Davis,SEA,RB,11,ATL,0,0,0,18,0,2,41,0,0,0,0,0,6.9,6.9
146,Eric Ebron,DET,TE,11,CHI,0,0,0,0,0,4,49,0,0,0,0,0,6.9,6.9
148,JuJu Smith-Schuster,PIT,WR,11,TEN,0,0,0,0,0,4,47,0,0,0,0,0,6.7,6.7
149,Cordarrelle Patterson,LV,RB,11,NE,0,0,0,0,0,4,45,0,0,0,0,0,6.5,6.5
150,Brett Hundley,GB,QB,11,BAL,239,0,3,19,0,0,0,0,0,0,0,0,6.5,6.46
151,Tavarres King,NYG,WR,11,KC,0,0,0,0,0,3,48,0,0,0,0,0,6.3,6.3
151,Mike Williams,LAC,WR,11,BUF,0,0,0,0,0,5,38,0,0,0,0,0,6.3,6.3
153,Kenny Golladay,DET,WR,11,CHI,0,0,0,0,0,2,52,0,0,0,0,0,6.2,6.2
154,Connor Barth,CHI,K,11,DET,0,0,0,0,0,0,0,0,0,0,0,0,6,6
154,Kai Forbath,MIN,K,11,LAR,0,0,0,0,0,0,0,0,0,0,0,0,6,6
154,Aldrick Rosas,NYG,K,11,KC,0,0,0,0,0,0,0,0,0,0,0,0,6,6
154,Houston Texans,HOU,DST,11,ARI,0,0,0,0,0,0,0,0,2,2,0,0,6,6
154,Kansas City Chiefs,KC,DST,11,NYG,0,0,0,0,0,0,0,0,0,1,0,0,6,6
154,Josh Hill,NO,TE,11,WAS,0,0,0,-8,0,1,3,1,0,0,0,0,6,6
154,Ryan Succop,TEN,K,11,PIT,0,0,0,0,0,0,0,0,0,0,0,0,6,6
154,Brandon McManus,DEN,K,11,CIN,0,0,0,0,0,0,0,0,0,0,0,0,6,6
162,Joe Mixon,CIN,RB,11,DEN,0,0,0,49,0,2,0,0,0,0,0,0,5.9,5.9
163,Dontrelle Inman,CHI,WR,11,DET,0,0,0,0,0,3,43,0,0,0,0,0,5.8,5.8
164,LeGarrette Blount,PHI,RB,11,DAL,0,0,0,57,0,0,0,0,0,0,0,0,5.7,5.7
164,Tyler Lockett,SEA,WR,11,ATL,0,0,0,0,0,4,37,0,0,0,0,0,5.7,5.7
164,Rex Burkhead,NE,RB,11,LV,0,0,0,16,0,4,21,0,0,0,0,0,5.7,5.7
167,Austin Traylor,DEN,TE,11,CIN,0,0,0,0,0,4,36,0,0,0,0,0,5.6,5.6
168,Terrance Williams,DAL,WR,11,PHI,0,0,0,0,0,4,35,0,0,0,0,0,5.5,5.5
169,Doug Martin,TB,RB,11,MIA,0,0,0,38,0,2,6,0,0,0,0,0,5.4,5.4
169,Jeremy Maclin,BAL,WR,11,GB,0,0,0,0,0,4,34,0,0,0,0,0,5.4,5.4
171,Eric Decker,TEN,WR,11,PIT,0,0,0,0,0,3,37,0,0,0,0,0,5.2,5.2
171,Brandon LaFell,CIN,WR,11,DEN,0,0,0,0,0,3,37,0,0,0,0,0,5.2,5.2
171,Rob Gronkowski,NE,TE,11,LV,0,0,0,0,0,3,37,0,0,0,0,0,5.2,5.2
171,Stefon Diggs,MIN,WR,11,LAR,0,0,0,0,0,4,32,0,0,0,0,0,5.2,5.2
175,Sammy Watkins,LAR,WR,11,MIN,0,0,0,0,0,3,36,0,0,0,0,0,5.1,5.1
175,Deonte Thompson,BUF,WR,11,LAC,0,0,0,0,0,3,36,0,0,0,0,0,5.1,5.1
177,Chicago Bears,CHI,DST,11,DET,0,0,0,0,0,0,0,0,3,0,1,1,5,5
177,Green Bay Packers,GB,DST,11,BAL,0,0,0,0,0,0,0,0,3,1,0,0,5,5
177,Dede Westbrook,JAX,WR,11,CLE,0,0,0,0,0,3,35,0,0,0,0,0,5,5
177,Julius Thomas,MIA,TE,11,TB,0,0,0,0,0,4,30,0,0,0,0,0,5,5
177,Denver Broncos,DEN,DST,11,CIN,0,0,0,0,0,0,0,0,2,0,1,0,5,5
182,Randall Cobb,GB,WR,11,BAL,0,0,0,0,0,3,34,0,0,0,0,0,4.9,4.9
182,Travis Rudolph,NYG,WR,11,KC,0,0,0,0,0,3,34,0,0,0,0,0,4.9,4.9
184,Chris Godwin,TB,WR,11,MIA,0,0,0,0,0,2,38,0,0,0,0,0,4.8,4.8
184,Danny Woodhead,BAL,RB,11,GB,0,0,0,2,0,5,21,0,0,0,0,0,4.8,4.8
186,Terron Ward,ATL,RB,11,SEA,0,0,0,31,0,1,11,0,0,0,0,0,4.7,4.7
186,Golden Tate,DET,WR,11,CHI,0,0,0,0,0,3,32,0,0,0,0,0,4.7,4.7
188,Jared Cook,LV,TE,11,NE,0,0,0,0,0,2,36,0,0,0,0,0,4.6,4.6
188,DeVante Parker,MIA,WR,11,TB,0,0,0,0,0,4,26,0,0,0,0,0,4.6,4.6
190,Jay Cutler,MIA,QB,11,TB,83,1,3,1,0,0,0,0,0,0,0,0,4.4,4.42
191,Adrian Peterson,ARI,RB,11,HOU,0,0,0,26,0,1,13,0,0,0,0,0,4.4,4.4
191,Theo Riddick,DET,RB,11,CHI,0,0,0,35,0,1,4,0,0,0,0,0,4.4,4.4
191,Charcandrick West,KC,RB,11,NYG,0,0,0,15,0,4,9,0,0,0,0,0,4.4,4.4
194,Charles Sims,TB,RB,11,MIA,0,0,0,3,0,3,25,0,0,0,0,0,4.3,4.3
195,Corey Davis,TEN,WR,11,PIT,0,0,0,0,0,3,27,0,0,0,0,0,4.2,4.2
195,Charles Clay,BUF,TE,11,LAC,0,0,0,0,0,3,27,0,0,0,0,0,4.2,4.2
195,Justin Hardy,ATL,WR,11,SEA,0,0,0,0,0,3,27,0,0,0,0,0,4.2,4.2
198,Seth Roberts,LV,WR,11,NE,0,0,0,0,0,5,36,0,0,0,0,0,4.1,4.1
199,Arizona Cardinals,ARI,DST,11,HOU,0,0,0,0,0,0,0,0,1,1,4,1,4,4
199,Martavis Bryant,PIT,WR,11,TEN,0,0,0,0,0,2,30,0,0,0,0,0,4,4
201,Keelan Cole,JAX,WR,11,CLE,0,0,0,0,0,3,24,0,0,0,0,0,3.9,3.9
202,Benjamin Watson,BAL,TE,11,GB,0,0,0,0,0,1,33,0,0,0,0,0,3.8,3.8
202,Jalen Richard,LV,RB,11,NE,0,0,0,19,0,2,9,0,0,0,0,0,3.8,3.8
204,D.J. Foster,ARI,RB,11,HOU,0,0,0,0,0,2,26,0,0,0,0,0,3.6,3.6
205,Kendall Wright,CHI,WR,11,DET,0,0,0,0,0,2,25,0,0,0,0,0,3.5,3.5
205,Hunter Henry,LAC,TE,11,BUF,0,0,0,0,0,2,25,0,0,0,0,0,3.5,3.5
207,Jordy Nelson,GB,WR,11,BAL,0,0,0,0,0,2,24,0,0,0,0,0,3.4,3.4
207,Dwayne Allen,NE,TE,11,LV,0,0,0,0,0,2,24,0,0,0,0,0,3.4,3.4
209,Travis Benjamin,LAC,WR,11,BUF,0,0,0,7,0,1,21,0,0,0,0,0,3.3,3.3
209,Brent Celek,PHI,TE,11,DAL,0,0,0,0,0,1,28,0,0,0,0,0,3.3,3.3
209,Daniel Brown,CHI,TE,11,DET,0,0,0,0,0,2,23,0,0,0,0,0,3.3,3.3
209,John Brown,ARI,WR,11,HOU,0,0,0,0,0,3,18,0,0,0,0,0,3.3,3.3
209,Shane Vereen,NYG,RB,11,KC,0,0,1,13,0,3,15,0,0,0,0,0,3.3,3.3
214,Derrick Henry,TEN,RB,11,PIT,0,0,0,32,0,0,0,0,0,0,0,0,3.2,3.2
214,Jamize Olawale,LV,FB,11,NE,0,0,0,16,0,2,6,0,0,0,0,0,3.2,3.2
216,Phil Dawson,ARI,K,11,HOU,0,0,0,0,0,0,0,0,0,0,0,0,3,3
216,Washington Football Team,WAS,DST,11,NO,0,0,0,0,0,0,0,0,2,1,0,0,3,3
216,Martellus Bennett,NE,TE,11,LV,0,0,0,0,0,3,15,0,0,0,0,0,3,3
219,Brice Butler,DAL,WR,11,PHI,0,0,0,0,0,2,19,0,0,0,0,0,2.9,2.9
219,DeAndre Washington,LV,RB,11,NE,0,0,0,7,0,2,12,0,0,0,0,0,2.9,2.9
221,Jarius Wright,MIN,WR,11,LAR,0,0,0,0,0,1,23,0,0,0,0,0,2.8,2.8
221,C.J. Fiedorowicz,HOU,TE,11,ARI,0,0,0,0,0,2,18,0,0,0,0,0,2.8,2.8
223,Wayne Gallman,NYG,RB,11,KC,0,0,0,19,0,1,3,0,0,0,0,0,2.7,2.7
223,Jaron Brown,ARI,WR,11,HOU,0,0,0,0,0,1,22,0,0,0,0,0,2.7,2.7
223,Stephen Anderson,HOU,TE,11,ARI,0,0,0,0,0,1,22,0,0,0,0,0,2.7,2.7
226,Cody Latimer,DEN,WR,11,CIN,0,0,0,0,0,1,21,0,0,0,0,0,2.6,2.6
226,Niles Paul,WAS,TE,11,NO,0,0,0,5,0,2,11,0,0,0,0,0,2.6,2.6
226,Michael Floyd,MIN,WR,11,LAR,0,0,0,0,0,2,16,0,0,0,0,0,2.6,2.6
229,T.J. Yeldon,JAX,RB,11,CLE,0,0,0,15,0,1,5,0,0,0,0,0,2.5,2.5
229,Kelvin Benjamin,BUF,WR,11,LAC,0,0,0,0,0,1,20,0,0,0,0,0,2.5,2.5
229,Emmanuel Sanders,DEN,WR,11,CIN,0,0,0,0,0,2,15,0,0,0,0,0,2.5,2.5
232,Tre McBride,CHI,WR,11,DET,0,0,0,0,0,2,14,0,0,0,0,0,2.4,2.4
232,Braxton Miller,HOU,WR,11,ARI,0,0,0,0,0,2,14,0,0,0,0,0,2.4,2.4
234,Kerwynn Williams,ARI,RB,11,HOU,0,0,0,9,0,1,9,0,0,0,0,0,2.3,2.3
234,Benjamin Cunningham,CHI,RB,11,DET,0,0,0,0,0,1,18,0,0,0,0,0,2.3,2.3
234,Bennie Fowler,DEN,WR,11,CIN,0,0,0,0,0,1,18,0,0,0,0,0,2.3,2.3
234,Virgil Green,DEN,TE,11,CIN,0,0,0,0,0,2,13,0,0,0,0,0,2.3,2.3
238,Javorius Allen,BAL,RB,11,GB,0,0,0,8,0,1,9,0,0,0,0,0,2.2,2.2
239,De'Anthony Thomas,KC,WR,11,NYG,0,0,0,0,0,2,11,0,0,0,0,0,2.1,2.1
239,Adam Humphries,TB,WR,11,MIA,0,0,0,0,0,2,11,0,0,0,0,0,2.1,2.1
239,Peyton Barber,TB,RB,11,MIA,0,0,0,0,0,2,11,0,0,0,0,0,2.1,2.1
242,Trey Burton,PHI,TE,11,DAL,0,0,0,0,0,0,0,0,0,0,0,0,2,2
242,Randy Bullock,CIN,K,11,DEN,0,0,0,0,0,0,0,0,0,0,0,0,2,2
242,Seattle Seahawks,SEA,DST,11,ATL,0,0,0,0,0,0,0,0,1,0,1,1,2,2
242,Ricardo Louis,CLE,WR,11,JAX,0,0,0,0,0,1,15,0,0,0,0,0,2,2
242,Laquon Treadwell,MIN,WR,11,LAR,0,0,0,0,0,2,10,0,0,0,0,0,2,2
247,J.J. Nelson,ARI,WR,11,HOU,0,0,0,0,0,1,14,0,0,0,0,0,1.9,1.9
247,Kenyan Drake,MIA,RB,11,TB,0,0,0,4,0,1,10,0,0,0,0,0,1.9,1.9
247,Jordan Taylor,DEN,WR,11,CIN,0,0,0,0,0,1,14,0,0,0,0,0,1.9,1.9
247,Noah Brown,DAL,WR,11,PHI,0,0,0,0,0,1,14,0,0,0,0,0,1.9,1.9
251,Isaiah Crowell,CLE,RB,11,JAX,0,0,0,18,0,0,0,0,0,0,0,0,1.8,1.8
251,David Njoku,CLE,TE,11,JAX,0,0,0,0,0,1,13,0,0,0,0,0,1.8,1.8
251,Zach Ertz,PHI,TE,11,DAL,0,0,0,0,0,2,8,0,0,0,0,0,1.8,1.8
251,Dak Prescott,DAL,QB,11,PHI,145,0,3,10,0,0,0,0,0,0,0,0,1.8,1.8
255,Derek Watt,LAC,FB,11,BUF,0,0,0,17,0,0,0,0,0,0,0,0,1.7,1.7
255,James O'Shaughnessy,JAX,TE,11,CLE,0,0,0,0,0,1,12,0,0,0,0,0,1.7,1.7
255,Cameron Brate,TB,TE,11,MIA,0,0,0,0,0,1,12,0,0,0,0,0,1.7,1.7
255,Willie Snead IV,NO,WR,11,WAS,0,0,0,0,0,1,12,0,0,0,0,0,1.7,1.7
255,Mike Thomas,LAR,WR,11,MIN,0,0,0,0,0,1,12,0,0,0,0,0,1.7,1.7
255,Cole Beasley,DAL,WR,11,PHI,0,0,0,0,0,2,7,0,0,0,0,0,1.7,1.7
255,Taylor Gabriel,ATL,WR,11,SEA,0,0,0,0,0,2,7,0,0,0,0,0,1.7,1.7
262,Kalif Raymond,NYG,WR,11,KC,0,0,0,-1,0,1,12,0,0,0,0,0,1.6,1.6
262,Ross Travis,KC,TE,11,NYG,0,0,0,0,0,1,11,0,0,0,0,0,1.6,1.6
262,Tyrell Williams,LAC,WR,11,BUF,0,0,0,0,0,1,11,0,0,0,0,0,1.6,1.6
262,Anthony Sherman,KC,FB,11,NYG,0,0,0,0,0,1,11,0,0,0,0,0,1.6,1.6
262,Maxx Williams,BAL,TE,11,GB,0,0,0,0,0,2,6,0,0,0,0,0,1.6,1.6
267,Jermaine Gresham,ARI,TE,11,HOU,0,0,0,0,0,1,10,0,0,0,0,0,1.5,1.5
267,Sean McGrath,LAC,TE,11,BUF,0,0,0,0,0,1,10,0,0,0,0,0,1.5,1.5
267,Kenny Britt,CLE,WR,11,JAX,0,0,0,0,0,2,5,0,0,0,0,0,1.5,1.5
270,Evan Engram,NYG,TE,11,KC,0,0,0,0,0,1,9,0,0,0,0,0,1.4,1.4
270,Darren Fells,DET,TE,11,CHI,0,0,0,0,0,1,9,0,0,0,0,0,1.4,1.4
272,James White,NE,RB,11,LV,0,0,0,13,0,0,0,0,0,0,0,0,1.3,1.3
272,Gerald Everett,LAR,TE,11,MIN,0,0,0,0,0,1,8,0,0,0,0,0,1.3,1.3
272,Nick O'Leary,BUF,TE,11,LAC,0,0,0,0,0,1,8,0,0,0,0,0,1.3,1.3
275,James Conner,PIT,RB,11,TEN,0,0,0,12,0,0,0,0,0,0,0,0,1.2,1.2
275,Andre Holmes,BUF,WR,11,LAC,0,0,0,0,0,1,7,0,0,0,0,0,1.2,1.2
275,Rhett Ellison,NYG,TE,11,KC,0,0,0,0,0,1,7,0,0,0,0,0,1.2,1.2
275,Mack Hollins,PHI,WR,11,DAL,0,0,0,0,0,1,7,0,0,0,0,0,1.2,1.2
275,Demarcus Robinson,KC,WR,11,NYG,0,0,0,0,0,1,7,0,0,0,0,0,1.2,1.2
275,Jason Witten,DAL,TE,11,PHI,0,0,0,0,0,1,7,0,0,0,0,0,1.2,1.2
275,Brandon Tate,BUF,WR,11,LAC,0,0,0,0,0,1,7,0,0,0,0,0,1.2,1.2
282,Rod Smith,DAL,RB,11,PHI,0,0,0,11,0,0,0,0,0,0,0,0,1.1,1.1
282,Brandon Coleman,NO,WR,11,WAS,0,0,0,0,0,1,6,0,0,0,0,0,1.1,1.1
282,Aaron Ripkowski,GB,FB,11,BAL,0,0,0,0,0,1,6,0,0,0,0,0,1.1,1.1
282,Jerell Adams,NYG,TE,11,KC,0,0,0,0,0,1,6,0,0,0,0,0,1.1,1.1
286,Kellen Clemens,LAC,QB,11,BUF,33,0,0,-3,0,0,0,0,0,0,0,0,1,1.02
287,Zane Gonzalez,CLE,K,11,JAX,0,0,0,0,0,0,0,0,0,0,0,0,1,1
287,Jake Elliott,PHI,K,11,DAL,0,0,0,0,0,0,0,0,0,0,0,0,1,1
287,Greg Zuerlein,LAR,K,11,MIN,0,0,0,0,0,0,0,0,0,0,0,0,1,1
287,New Orleans Saints,NO,DST,11,WAS,0,0,0,0,0,0,0,0,2,0,1,0,1,1
287,Miami Dolphins,MIA,DST,11,TB,0,0,0,0,0,0,0,0,1,0,0,0,1,1
287,David Morgan,MIN,TE,11,LAR,0,0,0,0,0,1,5,0,0,0,0,0,1,1
287,Lance Kendricks,GB,TE,11,BAL,0,0,0,0,0,1,5,0,0,0,0,0,1,1
287,Seth DeValve,CLE,TE,11,JAX,0,0,0,0,0,1,5,0,0,0,0,0,1,1
287,Matt Dayes,CLE,RB,11,JAX,0,0,0,0,0,1,5,0,0,0,0,0,1,1
287,Tyler Higbee,LAR,TE,11,MIN,0,0,0,0,0,1,5,0,0,0,0,0,1,1
287,Tyler Boyd,CIN,WR,11,DEN,0,0,0,0,0,1,5,0,0,0,0,0,1,1
298,Giovani Bernard,CIN,RB,11,DEN,0,0,0,-4,0,1,8,0,0,0,0,0,0.9,0.9
298,Clive Walford,LV,TE,11,NE,0,0,0,0,0,1,4,0,0,0,0,0,0.9,0.9
298,Austin Hooper,ATL,TE,11,SEA,0,0,0,0,0,2,-1,0,0,0,0,0,0.9,0.9
298,Luke Willson,SEA,TE,11,ATL,0,0,0,0,0,2,-1,0,0,0,0,0,0.9,0.9
302,C.J. Ham,MIN,FB,11,LAR,0,0,0,8,0,0,0,0,0,0,0,0,0.8,0.8
302,Richard Rodgers,GB,TE,11,BAL,0,0,0,0,0,1,3,0,0,0,0,0,0.8,0.8
302,Joe Kerridge,GB,FB,11,BAL,0,0,0,0,0,1,3,0,0,0,0,0,0.8,0.8
305,Jamaal Charles,DEN,RB,11,CIN,0,0,0,7,0,0,0,0,0,0,0,0,0.7,0.7
305,Nick Boyle,BAL,TE,11,GB,0,0,0,0,0,1,2,0,0,0,0,0,0.7,0.7
305,Jeff Cumberland,LAC,TE,11,BUF,0,0,0,0,0,1,2,0,0,0,0,0,0.7,0.7
308,Chris Ivory,JAX,RB,11,CLE,0,0,0,6,0,0,0,0,0,0,0,0,0.6,0.6
309,Adoree' Jackson,TEN,CB,11,PIT,0,0,0,5,0,0,0,0,0,0,1,0,0.5,0.5
309,Jamal Agnew,DET,WR,11,CHI,0,0,0,5,0,0,0,0,0,0,0,0,0.5,0.5
311,Tommy Bohanon,JAX,FB,11,CLE,0,0,0,3,0,0,0,0,0,0,0,0,0.3,0.3
311,Jacquizz Rodgers,TB,RB,11,MIA,0,0,0,3,0,0,0,0,0,0,0,0,0.3,0.3
311,Akeem Hunt,KC,RB,11,NYG,0,0,0,3,0,0,0,0,0,0,0,0,0.3,0.3
311,Nelson Agholor,PHI,WR,11,DAL,0,0,0,0,0,1,-2,0,0,0,0,0,0.3,0.3
315,Nat Berhe,NYG,FS,11,KC,0,0,0,2,0,0,0,0,0,0,0,0,0.2,0.2
315,Zach Line,NO,FB,11,WAS,0,0,0,2,0,0,0,0,0,0,0,0,0.2,0.2
315,Byron Marshall,WAS,RB,11,NO,0,0,0,2,0,0,0,0,0,0,0,0,0.2,0.2
315,Andre Williams,LAC,RB,11,BUF,0,0,0,2,0,0,0,0,0,0,0,0,0.2,0.2
315,Eddie Lacy,SEA,RB,11,ATL,0,0,0,2,0,0,0,0,0,0,0,0,0.2,0.2
320,Budda Baker,ARI,FS,11,HOU,0,0,0,0,0,0,0,0,1,0,2,1,0,0
320,Yannick Ngakoue,JAX,DE,11,CLE,0,0,0,0,0,0,0,0,2.5,0,3,0,0,0
320,Matt Judon,BAL,OLB,11,GB,0,0,0,0,0,0,0,0,2,0,1,0,0,0
320,Vonn Bell,NO,SS,11,WAS,0,0,0,0,0,0,0,0,1,0,1,0,0,0
320,Vontaze Burfict,CIN,ILB,11,DEN,0,0,0,0,0,0,0,0,1,0,1,0,0,0
320,Derek Barnett,PHI,DE,11,DAL,0,0,0,0,0,0,0,0,2,0,1,0,0,0
320,James Burgess Jr.,CLE,ILB,11,JAX,0,0,0,0,0,0,0,0,1,0,0,0,0,0
320,Christian Kirksey,CLE,OLB,11,JAX,0,0,0,0,0,0,0,0,1,0,1,0,0,0
320,Landon Collins,NYG,SS,11,KC,0,0,0,0,0,0,0,0,0,1,0,0,0,0
320,Telvin Smith,JAX,OLB,11,CLE,0,0,0,0,0,0,0,0,0,1,0,1,0,0
320,Deone Bucannon,ARI,ILB,11,HOU,0,0,0,0,0,0,0,0,0,0,1,0,0,0
320,Carlos Dunlap II,CIN,DE,11,DEN,0,0,0,0,0,0,0,0,2,0,0,0,0,0
320,Jadeveon Clowney,HOU,DE,11,ARI,0,0,0,0,0,0,0,0,2,0,0,0,0,0
320,Vince Williams,PIT,ILB,11,TEN,0,0,0,0,0,0,0,0,1,0,0,0,0,0
320,Cameron Heyward,PIT,DT,11,TEN,0,0,0,0,0,0,0,0,2,0,0,0,0,0
320,Terrell Suggs,BAL,DE,11,GB,0,0,0,0,0,0,0,0,2,0,1,0,0,0
320,Willie Henry,BAL,DT,11,GB,0,0,0,0,0,0,0,0,2,0,0,0,0,0
320,Nigel Bradham,PHI,ILB,11,DAL,0,0,0,0,0,0,0,0,0,0,0,1,0,0
320,Casey Hayward Jr.,LAC,CB,11,BUF,0,0,0,0,0,0,0,0,0,2,0,0,0,0
320,Alec Ogletree,LAR,ILB,11,MIN,0,0,0,0,0,0,0,0,0,0,0,0,0,0
320,Anthony Harris,MIN,FS,11,LAR,0,0,0,0,0,0,0,0,0,0,1,1,0,0
320,C.J. Mosley,BAL,ILB,11,GB,0,0,0,0,0,0,0,0,0,0,1,1,0,0
320,Ronald Darby,PHI,CB,11,DAL,0,0,0,0,0,0,0,0,0,1,0,0,0,0
320,Derek Wolfe,DEN,DE,11,CIN,0,0,0,0,0,0,0,0,1,0,0,0,0,0
320,Jordan Poyer,BUF,SS,11,LAC,0,0,0,0,0,0,0,0,0,0,0,0,0,0
320,Preston Brown,BUF,OLB,11,LAC,0,0,0,0,0,0,0,0,0,0,0,0,0,0
320,Patrick Onwuasor,BAL,OLB,11,GB,0,0,0,0,0,0,0,0,0,0,0,1,0,0
320,Desmond Trufant,ATL,CB,11,SEA,0,0,0,0,0,0,0,0,0,1,0,0,0,0
320,Kwon Alexander,TB,OLB,11,MIA,0,0,0,0,0,0,0,0,0,1,0,0,0,0
320,Korey Toomer,LAC,ILB,11,BUF,0,0,0,0,0,0,0,0,0,1,0,0,0,0
320,Christian Jones,CHI,OLB,11,DET,0,0,0,0,0,0,0,0,1,0,0,0,0,0
320,Joe Schobert,CLE,ILB,11,JAX,0,0,0,0,0,0,0,0,0,0,1,0,0,0
320,Patrick Chung,NE,FS,11,LV,0,0,0,0,0,0,0,0,0,0,0,1,0,0
320,Robert Alford,ATL,CB,11,SEA,0,0,0,0,0,0,0,0,0,0,0,0,0,0
320,Takkarist McKinley,ATL,DE,11,SEA,0,0,0,0,0,0,0,0,1,0,1,0,0,0
320,Ryan Smith,TB,CB,11,MIA,0,0,0,0,0,0,0,0,0,0,1,1,0,0
320,Adrian Clayborn,ATL,DE,11,SEA,0,0,0,0,0,0,0,0,0,0,0,1,0,0
320,Melvin Ingram III,LAC,LB,11,BUF,0,0,0,0,0,0,0,0,0,0,0,1,0,0
320,Gerald McCoy,TB,DT,11,MIA,0,0,0,0,0,0,0,0,1,0,0,0,0,0
320,Kiko Alonso,MIA,ILB,11,TB,0,0,0,0,0,0,0,0,0,0,0,0,0,0
320,Calvin Munson,NYG,LB,11,KC,0,0,0,0,0,0,0,0,0,0,0,0,0,0
320,Adarius Taylor,TB,OLB,11,MIA,0,0,0,0,0,0,0,0,0,0,0,1,0,0
320,Sheldon Richardson,SEA,DT,11,ATL,0,0,0,0,0,0,0,0,1,0,0,0,0,0
320,Nick Kwiatkoski,CHI,ILB,11,DET,0,0,0,0,0,0,0,0,1,0,1,0,0,0
320,Joey Bosa,LAC,DE,11,BUF,0,0,0,0,0,0,0,0,1,0,1,0,0,0
320,Kyler Fackrell,GB,OLB,11,BAL,0,0,0,0,0,0,0,0,1,0,0,0,0,0
320,Grady Jarrett,ATL,DT,11,SEA,0,0,0,0,0,0,0,0,1,0,0,0,0,0
320,Khalil Mack,LV,OLB,11,NE,0,0,0,0,0,0,0,0,1,0,0,0,0,0
320,Mike Hilton,PIT,CB,11,TEN,0,0,0,0,0,0,0,0,0,1,0,0,0,0
320,Benardrick McKinney,HOU,ILB,11,ARI,0,0,0,0,0,0,0,0,0,0,0,0,0,0
320,Trevor Williams,LAC,CB,11,BUF,0,0,0,0,0,0,0,0,0,1,0,0,0,0
320,Dre Kirkpatrick,CIN,CB,11,DEN,0,0,0,0,0,0,0,0,0,1,0,0,0,0
320,Mitch Unrein,CHI,DT,11,DET,0,0,0,0,0,0,0,0,1,0,0,0,0,0
320,D.J. Hayden,DET,CB,11,CHI,0,0,0,0,0,0,0,0,0,0,0,1,0,0
320,Tahir Whitehead,DET,OLB,11,CHI,0,0,0,0,0,0,0,0,0,0,0,0,0,0
320,Trey Flowers,NE,DE,11,LV,0,0,0,0,0,0,0,0,0.5,0,0,0,0,0
320,Reggie Ragland,KC,LB,11,NYG,0,0,0,0,0,0,0,0,0,0,0,0,0,0
320,Daniel Sorensen,KC,FS,11,NYG,0,0,0,0,0,0,0,0,0,1,0,0,0,0
320,D.J. Swearinger,WAS,FS,11,NO,0,0,0,0,0,0,0,0,0,1,0,0,0,0
320,Artie Burns,PIT,CB,11,TEN,0,0,0,0,0,0,0,0,0,0,0,0,0,0
320,Ha Ha Clinton-Dix,GB,SS,11,BAL,0,0,0,0,0,0,0,0,0,1,0,0,0,0
320,Cameron Jordan,NO,DE,11,WAS,0,0,0,0,0,0,0,0,1,0,0,0,0,0
320,Darqueze Dennard,CIN,CB,11,DEN,0,0,0,0,0,0,0,0,0,0,0,0,0,0
320,Dante Fowler Jr.,JAX,OLB,11,CLE,0,0,0,0,0,0,0,0,1,0,0,1,0,0
320,Ryan Kerrigan,WAS,DE,11,NO,0,0,0,0,0,0,0,0,1,0,0,0,0,0
320,Robert Golden,PIT,SS,11,TEN,0,0,0,0,0,0,0,0,0,1,0,0,0,0
320,Andre Hal,HOU,FS,11,ARI,0,0,0,0,0,0,0,0,0,1,0,0,0,0
320,Martrell Spaight,WAS,OLB,11,NO,0,0,0,0,0,0,0,0,0,0,0,0,0,0
320,Eddie Pleasant,HOU,FS,11,ARI,0,0,0,0,0,0,0,0,0,1,0,0,0,0
320,Jackrabbit Jenkins,NYG,CB,11,KC,0,0,0,0,0,0,0,0,0,1,0,0,0,0
320,Malcolm Jenkins,PHI,SS,11,DAL,0,0,0,0,0,0,0,0,0,1,0,0,0,0
320,E.J. Gaines,BUF,CB,11,LAC,0,0,0,0,0,0,0,0,0,0,0,0,0,0
320,Kemal Ishmael,ATL,SS,11,SEA,0,0,0,0,0,0,0,0,1,0,0,0,0,0
320,Stephon Tuitt,PIT,DE,11,TEN,0,0,0,0,0,0,0,0,1,0,0,0,0,0
320,Jamar Taylor,CLE,CB,11,JAX,0,0,0,0,0,0,0,0,0,0,1,0,0,0
320,Eric Weddle,BAL,FS,11,GB,0,0,0,0,0,0,0,0,0,1,0,0,0,0
320,Ryan Shazier,PIT,ILB,11,TEN,0,0,0,0,0,0,0,0,0,0,0,0,0,0
320,Logan Ryan,TEN,CB,11,PIT,0,0,0,0,0,0,0,0,0,0,0,0,0,0
320,Johnathan Cyprien,TEN,DB,11,PIT,0,0,0,0,0,0,0,0,0,0,0,0,0,0
320,Damon Harrison,NYG,DT,11,KC,0,0,0,0,0,0,0,0,0,1,0,0,0,0
320,Mark Barron,LAR,ILB,11,MIN,0,0,0,0,0,0,0,0,0,0,0,0,0,0
320,Justin Evans,TB,SS,11,MIA,0,0,0,0,0,0,0,0,0,1,0,0,0,0
320,Karlos Dansby,ARI,ILB,11,HOU,0,0,0,0,0,0,0,0,0,0,0,0,0,0
320,Patrick Peterson,ARI,CB,11,HOU,0,0,0,0,0,0,0,0,0,1,0,0,0,0
320,John Johnson III,LAR,SS,11,MIN,0,0,0,0,0,0,0,0,0,0,0,0,0,0
320,Robert McClain,TB,CB,11,MIA,0,0,0,0,0,0,0,0,0,1,0,0,0,0
320,Jake Ryan,GB,OLB,11,BAL,0,0,0,0,0,0,0,0,0,0,0,0,0,0
320,Bobby Wagner,SEA,ILB,11,ATL,0,0,0,0,0,0,0,0,0,0,0,0,0,0
320,Aqib Talib,DEN,CB,11,CIN,0,0,0,0,0,0,0,0,0,0,1,0,0,0
320,Domata Peko Sr.,DEN,NT,11,CIN,0,0,0,0,0,0,0,0,0,0,0,0,0,0
320,Tre Boston,LAC,FS,11,BUF,0,0,0,0,0,0,0,0,0,1,0,0,0,0
320,Shane Ray,DEN,OLB,11,CIN,0,0,0,0,0,0,0,0,1,0,0,0,0,0
320,Tavon Wilson,DET,SS,11,CHI,0,0,0,0,0,0,0,0,0,0,0,0,0,0
320,Sean Davis,PIT,FS,11,TEN,0,0,0,0,0,0,0,0,0,1,0,0,0,0
320,Myles Garrett,CLE,DE,11,JAX,0,0,0,0,0,0,0,0,0,0,0,1,0,0
320,Kareem Jackson,HOU,SS,11,ARI,0,0,0,0,0,0,0,0,0,0,0,0,0,0
320,Marcus Williams,NO,SS,11,WAS,0,0,0,0,0,0,0,0,0,0,0,0,0,0
320,Tyrann Mathieu,ARI,SS,11,HOU,0,0,0,0,0,0,0,0,0,0,0,0,0,0
320,Marlon Humphrey,BAL,CB,11,GB,0,0,0,0,0,0,0,0,0,1,0,0,0,0
320,Karl Joseph,LV,SS,11,NE,0,0,0,0,0,0,0,0,0,0,0,0,0,0
320,Ramon Humber,BUF,LB,11,LAC,0,0,0,0,0,0,0,0,0,0,0,0,0,0
320,Deion Jones,ATL,ILB,11,SEA,0,0,0,0,0,0,0,0,0,0,0,0,0,0
320,Blake Martinez,GB,ILB,11,BAL,0,0,0,0,0,0,0,0,0,0,0,0,0,0
320,Brandon Graham,PHI,DE,11,DAL,0,0,0,0,0,0,0,0,1,0,0,0,0,0
320,Derrick Morgan,TEN,OLB,11,PIT,0,0,0,0,0,0,0,0,1,0,0,0,0,0
320,Leonard Floyd,CHI,OLB,11,DET,0,0,0,0,0,0,0,0,0,0,0,0,0,0
320,Justin Houston,KC,OLB,11,NYG,0,0,0,0,0,0,0,0,0,0,0,0,0,0
320,Marquis Flowers,NE,ILB,11,LV,0,0,0,0,0,0,0,0,0,0,1,0,0,0
320,Steven Nelson,KC,CB,11,NYG,0,0,0,0,0,0,0,0,0,0,0,0,0,0
320,Cordrea Tankersley,MIA,CB,11,TB,0,0,0,0,0,0,0,0,0,0,0,0,0,0
320,Zach Brown,WAS,ILB,11,NO,0,0,0,0,0,0,0,0,0,0,0,0,0,0
320,Keanu Neal,ATL,LB,11,SEA,0,0,0,0,0,0,0,0,0,0,0,0,0,0
320,Danielle Hunter,MIN,DE,11,LAR,0,0,0,0,0,0,0,0,1,0,0,0,0,0
320,Timmy Jernigan,PHI,DT,11,DAL,0,0,0,0,0,0,0,0,1,0,0,0,0,0
320,Cornelius Washington,DET,DT,11,CHI,0,0,0,0,0,0,0,0,0.5,0,0,0,0,0
320,Jurrell Casey,TEN,DE,11,PIT,0,0,0,0,0,0,0,0,0,0,0,0,0,0
320,Akiem Hicks,CHI,DT,11,DET,0,0,0,0,0,0,0,0,0,0,0,1,0,0
320,TJ McDonald,MIA,SS,11,TB,0,0,0,0,0,0,0,0,0,0,0,0,0,0
320,Josh Jones,GB,FS,11,BAL,0,0,0,0,0,0,0,0,0,0,0,0,0,0
320,P.J. Williams,NO,CB,11,WAS,0,0,0,0,0,0,0,0,0,0,0,0,0,0
320,Xavier Williams,ARI,DT,11,HOU,0,0,0,0,0,0,0,0,0,0,1,0,0,0
320,K.J. Wright,SEA,OLB,11,ATL,0,0,0,0,0,0,0,0,0,0,0,0,0,0
320,Cory James,LV,OLB,11,NE,0,0,0,0,0,0,0,0,0,0,0,0,0,0
320,Anthony Hitchens,DAL,LB,11,PHI,0,0,0,0,0,0,0,0,0,0,0,0,0,0
320,Jalen Mills,PHI,CB,11,DAL,0,0,0,0,0,0,0,0,0,0,0,0,0,0
320,DeMarcus Lawrence,DAL,DE,11,PHI,0,0,0,0,0,0,0,0,0,0,0,0,0,0
320,Rodney McLeod,PHI,FS,11,DAL,0,0,0,0,0,0,0,0,0,1,0,0,0,0
320,Kendall Fuller,WAS,CB,11,NO,0,0,0,0,0,0,0,0,0,0,0,0,0,0
320,Shawn Williams,CIN,SS,11,DEN,0,0,0,0,0,0,0,0,0,0,0,1,0,0
320,Anthony Lanier,WAS,DE,11,NO,0,0,0,0,0,0,0,0,1,0,0,0,0,0
320,Erik Walden,TEN,OLB,11,PIT,0,0,0,0,0,0,0,0,1,0,0,0,0,0
320,Malik Jackson,JAX,DT,11,CLE,0,0,0,0,0,0,0,0,1,0,0,0,0,0
320,Dean Lowry,GB,DE,11,BAL,0,0,0,0,0,0,0,0,0.5,0,0,0,0,0
320,Devon Kennard,NYG,OLB,11,KC,0,0,0,0,0,0,0,0,1,0,0,0,0,0
320,Coty Sensabaugh,PIT,CB,11,TEN,0,0,0,0,0,0,0,0,0,1,0,0,0,0
320,A.J. Bouye,JAX,CB,11,CLE,0,0,0,0,0,0,0,0,0,1,0,0,0,0
320,Adrian Amos,CHI,FS,11,DET,0,0,0,0,0,0,0,0,0,0,0,0,0,0
320,Jalen Ramsey,JAX,CB,11,CLE,0,0,0,0,0,0,0,0,0,0,0,0,0,0
320,Terence Newman,MIN,CB,11,LAR,0,0,0,0,0,0,0,0,0,0,0,0,0,0
320,Jason Pierre-Paul,NYG,OLB,11,KC,0,0,0,0,0,0,0,0,0,0,0,0,0,0
320,Davon Godchaux,MIA,NT,11,TB,0,0,0,0,0,0,0,0,0,0,0,0,0,0
320,Shaq Lawson,BUF,DE,11,LAC,0,0,0,0,0,0,0,0,1,0,0,0,0,0
320,Ahmad Brooks,GB,OLB,11,BAL,0,0,0,0,0,0,0,0,0.5,0,0,0,0,0
320,Bashaud Breeland,WAS,CB,11,NO,0,0,0,0,0,0,0,0,0,0,0,0,0,0
320,Stephon Gilmore,NE,CB,11,LV,0,0,0,0,0,0,0,0,0,0,0,0,0,0
320,Jimmy Smith,BAL,CB,11,GB,0,0,0,0,0,0,0,0,0,1,0,0,0,0
320,Jonathan Jones,NE,CB,11,LV,0,0,0,0,0,0,0,0,0,0,0,0,0,0
320,Adrian Phillips,LAC,SS,11,BUF,0,0,0,0,0,0,0,0,0,0,0,0,0,0
320,Reshad Jones,MIA,SS,11,TB,0,0,0,0,0,0,0,0,0,0,0,0,0,0
320,T.J. Carrie,LV,CB,11,NE,0,0,0,0,0,0,0,0,0,0,0,0,0,0
320,Lavonte David,TB,ILB,11,MIA,0,0,0,0,0,0,0,0,0,0,0,0,0,0
320,Nick Vigil,CIN,OLB,11,DEN,0,0,0,0,0,0,0,0,0,0,0,0,0,0
320,Patrick Robinson,PHI,CB,11,DAL,0,0,0,0,0,0,0,0,0,0,0,0,0,0
320,Josh Norman,WAS,CB,11,NO,0,0,0,0,0,0,0,0,0,0,0,0,0,0
320,L.T. Walton,PIT,DE,11,TEN,0,0,0,0,0,0,0,0,1,0,0,0,0,0
320,Clay Matthews,GB,OLB,11,BAL,0,0,0,0,0,0,0,0,1,0,0,0,0,0
320,Tashawn Bower,MIN,DL,11,LAR,0,0,0,0,0,0,0,0,1,0,0,0,0,0
320,Kyle Van Noy,NE,LB,11,LV,0,0,0,0,0,0,0,0,0.5,0,0,0,0,0
320,Karl Klug,TEN,DT,11,PIT,0,0,0,0,0,0,0,0,1,0,0,0,0,0
320,Trumaine Johnson,LAR,CB,11,MIN,0,0,0,0,0,0,0,0,0,0,0,0,0,0
320,Robert Ayers Jr,TB,DE,11,MIA,0,0,0,0,0,0,0,0,0,0,0,0,0,0
320,Ross Cockrell,NYG,CB,11,KC,0,0,0,0,0,0,0,0,0,0,0,0,0,0
320,Lawrence Timmons,MIA,OLB,11,TB,0,0,0,0,0,0,0,0,0,0,0,0,0,0
320,Josh Shaw,CIN,SS,11,DEN,0,0,0,0,0,0,0,0,0,0,0,0,0,0
320,George Iloka,CIN,SS,11,DEN,0,0,0,0,0,0,0,0,0,0,0,0,0,0
320,DeAngelo Hall,WAS,FS,11,NO,0,0,0,0,0,0,0,0,0,0,0,0,0,0
320,Preston Smith,WAS,OLB,11,NO,0,0,0,0,0,0,0,0,0,0,0,0,0,0
320,Darius Slay,DET,CB,11,CHI,0,0,0,0,0,0,0,0,0,0,0,0,0,0
320,Xavien Howard,MIA,CB,11,TB,0,0,0,0,0,0,0,0,0,0,0,0,0,0
320,Danny Shelton,CLE,DT,11,JAX,0,0,0,0,0,0,0,0,0,0,0,0,0,0
320,Lamarcus Joyner,LAR,FS,11,MIN,0,0,0,0,0,0,0,0,0,0,0,0,0,0
320,Emmanuel Ogbah,CLE,DE,11,JAX,0,0,0,0,0,0,0,0,0,0,0,0,0,0
320,Olsen Pierre,ARI,DT,11,HOU,0,0,0,0,0,0,0,0,0,0,0,0,0,0
320,Andrew Adams,NYG,SS,11,KC,0,0,0,0,0,0,0,0,0,0,0,0,0,0
320,Dominique Rodgers-Cromartie,NYG,CB,11,KC,0,0,0,0,0,0,0,0,0,0,0,0,0,0
320,Jatavis Brown,LAC,OLB,11,BUF,0,0,0,0,0,0,0,0,0,0,0,0,0,0
320,Ron Parker,KC,SS,11,NYG,0,0,0,0,0,0,0,0,0,0,0,0,0,0
320,Michael Bennett,SEA,DE,11,ATL,0,0,0,0,0,0,0,0,0,0,0,0,0,0
320,Elandon Roberts,NE,LB,11,LV,0,0,0,0,0,0,0,0,0,0,0,0,0,0
320,Michael Mauti,NO,ILB,11,WAS,0,0,0,0,0,0,0,0,0,0,0,0,0,0
320,Justin Simmons,DEN,FS,11,CIN,0,0,0,0,0,0,0,0,0,0,0,0,0,0
320,Anthony Brown,DAL,CB,11,PHI,0,0,0,0,0,0,0,0,0,0,0,0,0,0
320,Alex Okafor,NO,DE,11,WAS,0,0,0,0,0,0,0,0,0,0,0,0,0,0
320,Duron Harmon,NE,SS,11,LV,0,0,0,0,0,0,0,0,0,1,0,0,0,0
320,Tashaun Gipson Sr.,JAX,FS,11,CLE,0,0,0,0,0,0,0,0,0,0,0,0,0,0
320,Akeem Spence,DET,DT,11,CHI,0,0,0,0,0,0,0,0,0,0,0,0,0,0
320,Aaron Donald,LAR,DT,11,MIN,0,0,0,0,0,0,0,0,0,0,0,0,0,0
320,Kevin Pierre-Louis,KC,ILB,11,NYG,0,0,0,0,0,0,0,0,0,0,0,0,0,0
320,Robert Quinn,LAR,OLB,11,MIN,0,0,0,0,0,0,0,0,0,0,0,0,0,0
320,Chris Jones,KC,NT,11,NYG,0,0,0,0,0,0,0,0,0,0,0,0,0,0
320,Tre'Davious White,BUF,CB,11,LAC,0,0,0,0,0,0,0,0,0,0,0,0,0,0
320,Byron Jones,DAL,CB,11,PHI,0,0,0,0,0,0,0,0,0,0,0,0,0,0
320,Manti Te'o,NO,ILB,11,WAS,0,0,0,0,0,0,0,0,0,0,0,0,0,0
320,Michael Johnson,CIN,DE,11,DEN,0,0,0,0,0,0,0,0,0,0,0,0,0,0
320,Xavier Woods,DAL,FS,11,PHI,0,0,0,0,0,0,0,0,0,0,0,0,0,0
320,Derrick Johnson,KC,ILB,11,NYG,0,0,0,0,0,0,0,0,0,0,0,0,0,0
320,Reggie Nelson,LV,FS,11,NE,0,0,0,0,0,0,0,0,0,0,0,0,0,0
320,Corey Liuget,LAC,DT,11,BUF,0,0,0,0,0,0,0,0,0,0,0,0,0,0
320,Jeremy Lane,SEA,CB,11,ATL,0,0,0,0,0,0,0,0,0,0,0,0,0,0
320,Dalvin Tomlinson,NYG,NT,11,KC,0,0,0,0,0,0,0,0,0,0,0,0,0,0
320,Eric Kendricks,MIN,ILB,11,LAR,0,0,0,0,0,0,0,0,0,0,0,0,0,0
320,Leonard Johnson,BUF,CB,11,LAC,0,0,0,0,0,0,0,0,0,0,0,0,0,0
320,Kyle Williams,BUF,DT,11,LAC,0,0,0,0,0,0,0,0,0,0,0,0,0,0
320,Mychal Kendricks,PHI,OLB,11,DAL,0,0,0,0,0,0,0,0,0,0,0,0,0,0
320,Bradley McDougald,SEA,SS,11,ATL,0,0,0,0,0,0,0,0,0,0,0,0,0,0
320,Za'Darius Smith,BAL,OLB,11,GB,0,0,0,0,0,0,0,0,0,0,0,0,0,0
320,Earl Thomas III,SEA,FS,11,ATL,0,0,0,0,0,0,0,0,0,0,0,0,0,0
320,Calais Campbell,JAX,DE,11,CLE,0,0,0,0,0,0,0,0,0.5,0,0,0,0,0
320,Eddie Goldman,CHI,NT,11,DET,0,0,0,0,0,0,0,0,0,0,0,0,0,0
320,Mackensie Alexander,MIN,CB,11,LAR,0,0,0,0,0,0,0,0,0,0,0,0,0,0
320,Quandre Diggs,DET,SS,11,CHI,0,0,0,0,0,0,0,0,0,0,0,0,0,0
320,Glover Quin,DET,FS,11,CHI,0,0,0,0,0,0,0,0,0,0,0,0,0,0
320,Larry Ogunjobi,CLE,DT,11,JAX,0,0,0,0,0,0,0,0,0,0,0,0,0,0
320,Derrick Kindred,CLE,FS,11,JAX,0,0,0,0,0,0,0,0,0,0,0,0,0,0
320,Todd Davis,DEN,ILB,11,CIN,0,0,0,0,0,0,0,0,0,0,0,0,0,0
320,Paul Posluszny,JAX,ILB,11,CLE,0,0,0,0,0,0,0,0,0,0,0,0,0,0
320,Harrison Smith,MIN,SS,11,LAR,0,0,0,0,0,0,0,0,0,0,0,0,0,0
320,Michael Davis,LAC,CB,11,BUF,0,0,0,0,0,0,0,0,0,0,0,0,0,0
320,Nicholas Morrow,LV,OLB,11,NE,0,0,0,0,0,0,0,0,0,0,0,0,0,0
320,Tramon Williams,ARI,CB,11,HOU,0,0,0,0,0,0,0,0,0,0,0,0,0,0
320,Nate Orchard,CLE,DE,11,JAX,0,0,0,0,0,0,0,0,0,0,0,0,0,0
320,Montae Nicholson,WAS,SS,11,NO,0,0,0,0,0,0,0,0,0,0,0,0,0,0
320,Adam Gotsis,DEN,DE,11,CIN,0,0,0,0,0,0,0,0,0,0,0,0,0,0
320,Dion Jordan,SEA,DE,11,ATL,0,0,0,0,0,0,0,0,0,0,0,0,0,0
320,Jaylon Smith,DAL,ILB,11,PHI,0,0,0,0,0,0,0,0,0,0,0,0,0,0
320,Sean Smith,LV,CB,11,NE,0,0,0,0,0,0,0,0,0,0,0,0,0,0
320,Tony Jefferson II,BAL,SS,11,GB,0,0,0,0,0,0,0,0,0,0,0,0,0,0
320,Von Miller,DEN,OLB,11,CIN,0,0,0,0,0,0,0,0,0,0,0,0,0,0
320,De'Vante Harris,NO,CB,11,WAS,0,0,0,0,0,0,0,0,0,0,0,0,0,0
320,Desmond King II,LAC,FS,11,BUF,0,0,0,0,0,0,0,0,0,0,0,0,0,0
320,Brian Poole,ATL,CB,11,SEA,0,0,0,0,0,0,0,0,0,0,0,0,0,0
320,Darian Thompson,NYG,SS,11,KC,0,0,0,0,0,0,0,0,0,0,0,0,0,0
320,Denzel Perryman,LAC,ILB,11,BUF,0,0,0,0,0,0,0,0,0,0,0,0,0,0
320,Zach Cunningham,HOU,OLB,11,ARI,0,0,0,0,0,0,0,0,0,0,0,0,0,0
320,Jerry Hughes,BUF,DE,11,LAC,0,0,0,0,0,0,0,0,0,0,0,0,0,0
320,Bruce Irvin,LV,OLB,11,NE,0,0,0,0,0,0,0,0,0,0,0,0,0,0
320,Byron Maxwell,SEA,CB,11,ATL,0,0,0,0,0,0,0,0,0,0,0,0,0,0
320,Tedric Thompson,SEA,FS,11,ATL,0,0,0,0,0,0,0,0,0,0,0,1,0,0
320,William Hayes,MIA,DE,11,TB,0,0,0,0,0,0,0,0,0,0,0,0,0,0
320,Kyle Fuller,CHI,CB,11,DET,0,0,0,0,0,0,0,0,0,0,0,0,0,0
320,Antoine Bethea,ARI,FS,11,HOU,0,0,0,0,0,0,0,0,0,0,0,0,0,0
320,Javon Hargrave,PIT,DT,11,TEN,0,0,0,0,0,0,0,0,0,0,0,0,0,0
320,Lardarius Webb,BAL,FS,11,GB,0,0,0,0,0,0,0,0,0,0,0,0,0,0
320,Barry Church,JAX,SS,11,CLE,0,0,0,0,0,0,0,0,0,0,0,0,0,0
320,Cre'Von LeBlanc,CHI,CB,11,DET,0,0,0,0,0,0,0,0,0,0,0,0,0,0
320,Jarrad Davis,DET,ILB,11,CHI,0,0,0,0,0,0,0,0,0,0,0,0,0,0
320,Marcus Peters,KC,CB,11,NYG,0,0,0,0,0,0,0,0,0,0,0,0,0,0
320,Jelani Jenkins,HOU,ILB,11,ARI,0,0,0,0,0,0,0,0,0,0,0,0,0,0
320,Taco Charlton,DAL,DE,11,PHI,0,0,0,0,0,0,0,0,0,0,0,0,0,0
320,Jordan Evans,CIN,OLB,11,DEN,0,0,0,0,0,0,0,0,0,0,0,0,0,0
320,Ndamukong Suh,MIA,NT,11,TB,0,0,0,0,0,0,0,0,0,0,0,0,0,0
320,Nazair Jones,SEA,DT,11,ATL,0,0,0,0,0,0,0,0,0,0,0,0,0,0
320,Dontari Poe,ATL,DT,11,SEA,0,0,0,0,0,0,0,0,0,0,0,0,0,0
320,Nick Dzubnar,LAC,OLB,11,BUF,0,0,0,0,0,0,0,0,0,0,0,0,0,0
320,NaVorro Bowman,LV,ILB,11,NE,0,0,0,0,0,0,0,0,0,0,0,0,0,0
320,Vinny Curry,PHI,DE,11,DAL,0,0,0,0,0,0,0,0,0,0,0,0,0,0
320,Justin Durant,DAL,ILB,11,PHI,0,0,0,0,0,0,0,0,0,0,0,0,0,0
320,Frank Zombo,KC,OLB,11,NYG,0,0,0,0,0,0,0,0,0,0,0,0,0,0
320,Bennie Logan,KC,DT,11,NYG,0,0,0,0,0,0,0,0,0,0,0,0,0,0
320,Terence Garvin,SEA,OLB,11,ATL,0,0,0,0,0,0,0,0,0,0,0,0,0,0
320,Ethan Westbrooks,LAR,DE,11,MIN,0,0,0,0,0,0,0,0,0,0,0,0,0,0
320,De'Vondre Campbell,ATL,OLB,11,SEA,0,0,0,0,0,0,0,0,0,0,0,0,0,0
320,Shalom Luani,LV,SS,11,NE,0,0,0,0,0,0,0,0,0,0,0,0,0,0
320,Lorenzo Alexander,BUF,OLB,11,LAC,0,0,0,0,0,0,0,0,0,0,0,0,0,0
320,Jeremiah Ledbetter,DET,DE,11,CHI,0,0,0,0,0,0,0,0,0.5,0,0,0,0,0
320,Avery Williamson,TEN,ILB,11,PIT,0,0,0,0,0,0,0,0,0,0,0,0,0,0
320,Nevin Lawson,DET,CB,11,CHI,0,0,0,0,0,0,0,0,0,0,0,0,0,0
320,Vince Biegel,GB,LB,11,BAL,0,0,0,0,0,0,0,0,0,0,0,0,0,0
320,Pernell McPhee,CHI,OLB,11,DET,0,0,0,0,0,0,0,0,0,0,0,0,0,0
320,Sherrick McManis,CHI,DB,11,DET,0,0,0,0,0,0,0,0,0,0,0,0,0,0
320,Jayon Brown,TEN,ILB,11,PIT,0,0,0,0,0,0,0,0,0,0,0,0,0,0
320,Kevin Byard,TEN,FS,11,PIT,0,0,0,0,0,0,0,0,0,0,0,0,0,0
320,Prince Amukamara,CHI,CB,11,DET,0,0,0,0,0,0,0,0,0,0,0,0,0,0
320,Mike Daniels,GB,DT,11,BAL,0,0,0,0,0,0,0,0,0,0,0,0,0,0
320,Tyler Matakevich,PIT,ILB,11,TEN,0,0,0,0,0,0,0,0,0,0,0,0,0,0
320,Michael Pierce,BAL,NT,11,GB,0,0,0,0,0,0,0,0,0,0,0,0,0,0
320,Marwin Evans,GB,FS,11,BAL,0,0,0,0,0,0,0,0,0,0,0,0,0,0
320,Kayvon Webster,LAR,DB,11,MIN,0,0,0,0,0,0,0,0,0,0,0,0,0,0
320,Trevon Coley,CLE,NT,11,JAX,0,0,0,0,0,0,0,0,0,0,0,0,0,0
320,Chandler Jones,ARI,OLB,11,HOU,0,0,0,0,0,0,0,0,0,0,0,0,0,0
320,Michael Brockers,LAR,DL,11,MIN,0,0,0,0,0,0,0,0,0,0,0,0,0,0
320,Steve Longa,DET,OLB,11,CHI,0,0,0,0,0,0,0,0,0,0,0,0,0,0
320,Nick Perry,GB,OLB,11,BAL,0,0,0,0,0,0,0,0,0,0,0,0,0,0
320,Jarrod Wilson,JAX,FS,11,CLE,0,0,0,0,0,0,0,0,0,0,0,1,0,0
320,Isaiah Irving,CHI,OLB,11,DET,0,0,0,0,0,0,0,0,0,0,0,0,0,0
320,Micah Hyde,BUF,S,11,LAC,0,0,0,0,0,0,0,0,0,0,0,0,0,0
320,Olivier Vernon,NYG,DE,11,KC,0,0,0,0,0,0,0,0,0,0,0,0,0,0
320,Trae Waynes,MIN,CB,11,LAR,0,0,0,0,0,0,0,0,0,0,0,0,0,0
320,Jahleel Addae,LAC,SS,11,BUF,0,0,0,0,0,0,0,0,0,0,0,0,0,0
320,Johnathan Joseph,HOU,CB,11,ARI,0,0,0,0,0,0,0,0,0,0,0,0,0,0
320,Eddie Yarbrough,BUF,DE,11,LAC,0,0,0,0,0,0,0,0,0,0,0,0,0,0
320,Will Parks,DEN,SS,11,CIN,0,0,0,0,0,0,0,0,0,0,0,0,0,0
320,Jeremiah Attaochu,LAC,OLB,11,BUF,0,0,0,0,0,0,0,0,0,0,0,0,0,0
320,Samson Ebukam,LAR,OLB,11,MIN,0,0,0,0,0,0,0,0,0,0,0,0,0,0
320,Linval Joseph,MIN,DT,11,LAR,0,0,0,0,0,0,0,0,0,0,0,0,0,0
320,Jonathan Casillas,NYG,OLB,11,KC,0,0,0,0,0,0,0,0,0,0,0,0,0,0
320,Obi Melifonwu,LV,FS,11,NE,0,0,0,0,0,0,0,0,0,0,0,0,0,0
320,Tramaine Brock Sr.,MIN,CB,11,LAR,0,0,0,0,0,0,0,0,0,0,0,0,0,0
320,Alan Branch,NE,DT,11,LV,0,0,0,0,0,0,0,0,0,0,0,0,0,0
320,James Cowser,LV,OLB,11,NE,0,0,0,0,0,0,0,0,0,0,0,0,0,0
320,Geno Atkins,CIN,DT,11,DEN,0,0,0,0,0,0,0,0,0,0,0,0,0,0
320,Malcolm Butler,NE,CB,11,LV,0,0,0,0,0,0,0,0,0,0,0,0,0,0
320,Brandon Marshall,DEN,ILB,11,CIN,0,0,0,0,0,0,0,0,0,0,0,0,0,0
320,Cameron Wake,MIA,OLB,11,TB,0,0,0,0,0,0,0,0,0,0,0,0,0,0
320,Craig Robertson,NO,OLB,11,WAS,0,0,0,0,0,0,0,0,0,0,0,0,0,0
320,Ken Crawley,NO,CB,11,WAS,0,0,0,0,0,0,0,0,0,0,0,0,0,0
320,Deatrich Wise Jr.,NE,DE,11,LV,0,0,0,0,0,0,0,0,0,0,0,0,0,0
320,Ryan Glasgow,CIN,DT,11,DEN,0,0,0,0,0,0,0,0,0,0,0,0,0,0
320,Everson Griffen,MIN,DE,11,LAR,0,0,0,0,0,0,0,0,0,0,0,0,0,0
320,LeShaun Sims,TEN,CB,11,PIT,0,0,0,0,0,0,0,0,0,0,0,0,0,0
320,Myles Jack,JAX,OLB,11,CLE,0,0,0,0,0,0,0,0,0,0,0,0,0,0
320,Carl Nassib,CLE,DE,11,JAX,0,0,0,0,0,0,0,0,0,0,0,0,0,0
320,Davon House,GB,CB,11,BAL,0,0,0,0,0,0,0,0,0,0,0,0,0,0
320,Chris Conte,TB,FS,11,MIA,0,0,0,0,0,0,0,0,0,0,0,0,0,0
320,Cedric Thornton,BUF,DT,11,LAC,0,0,0,0,0,0,0,0,0,0,0,0,0,0
320,Trae Elston,BUF,SS,11,LAC,0,0,0,0,0,0,0,0,0,0,0,0,0,0
320,Blake Countess,LAR,SS,11,MIN,0,0,0,0,0,0,0,0,0,0,0,0,0,0
320,T.J. Ward,TB,SS,11,MIA,0,0,0,0,0,0,0,0,0,0,0,0,0,0
320,David Harris,NE,LB,11,LV,0,0,0,0,0,0,0,0,0,0,0,0,0,0
320,Lawrence Guy,NE,DE,11,LV,0,0,0,0,0,0,0,0,0,0,0,0,0,0
320,Kenny Clark,GB,NT,11,BAL,0,0,0,0,0,0,0,0,0,0,0,0,0,0
320,Brent Grimes,TB,CB,11,MIA,0,0,0,0,0,0,0,0,0,0,0,0,0,0
320,Brandon Carr,BAL,CB,11,GB,0,0,0,0,0,0,0,0,0,0,0,0,0,0
320,Tim Williams,BAL,OLB,11,GB,0,0,0,0,0,0,0,0,0,0,0,0,0,0
320,Sheldon Rankins,NO,DT,11,WAS,0,0,0,0,0,0,0,0,0,0,0,0,0,0
320,David Irving,DAL,DT,11,PHI,0,0,0,0,0,0,0,0,0,0,0,0,0,0
320,Richard Ash,DAL,DT,11,PHI,0,0,0,0,0,0,0,0,0,0,0,0,0,0
320,Robert Nkemdiche,ARI,NT,11,HOU,0,0,0,0,0,0,0,0,0,0,0,0,0,0
320,Eddie Jackson,CHI,SS,11,DET,0,0,0,0,0,0,0,0,0,0,0,0,0,0
320,Marcus Cooper,CHI,CB,11,DET,0,0,0,0,0,0,0,0,0,0,0,0,0,0
320,Frostee Rucker,ARI,DE,11,HOU,0,0,0,0,0,0,0,0,0,0,0,0,0,0
320,T.J. Watt,PIT,OLB,11,TEN,0,0,0,0,0,0,0,0,0,0,0,0,0,0
320,Marcus Gilchrist,HOU,SS,11,ARI,0,0,0,0,0,0,0,0,0,0,0,0,0,0
320,Jason McCourty,CLE,CB,11,JAX,0,0,0,0,0,0,0,0,0,0,0,0,0,0
320,Brian Orakpo,TEN,OLB,11,PIT,0,0,0,0,0,0,0,0,0,0,0,0,0,0
320,Marcell Dareus,JAX,DT,11,CLE,0,0,0,0,0,0,0,0,0,0,0,0,0,0
320,Xavier Rhodes,MIN,CB,11,LAR,0,0,0,0,0,0,0,0,0,0,0,0,0,0
320,Emmanuel Lamur,MIN,OLB,11,LAR,0,0,0,0,0,0,0,0,0,0,0,0,0,0
320,Bud Dupree,PIT,OLB,11,TEN,0,0,0,0,0,0,0,0,0,0,0,0,0,0
320,Teez Tabor,DET,CB,11,CHI,0,0,0,0,0,0,0,0,0,0,0,0,0,0
320,Jeremiah Valoaga,DET,DE,11,CHI,0,0,0,0,0,0,0,0,0,0,0,0,0,0
320,Kendell Beckwith,TB,ILB,11,MIA,0,0,0,0,0,0,0,0,0,0,0,0,0,0
320,Zach Vigil,WAS,ILB,11,NO,0,0,0,0,0,0,0,0,0,0,0,0,0,0
320,Chris Smith,CIN,OLB,11,DEN,0,0,0,0,0,0,0,0,0,0,0,0,0,0
320,Quinton Dial,GB,NT,11,BAL,0,0,0,0,0,0,0,0,0,0,0,0,0,0
320,Paul Worrilow,DET,ILB,11,CHI,0,0,0,0,0,0,0,0,0,0,0,0,0,0
320,Marcus Sherels,MIN,CB,11,LAR,0,0,0,0,0,0,0,0,0,0,0,0,0,0
320,Rodney Gunter,ARI,DT,11,HOU,0,0,0,0,0,0,0,0,0,0,0,0,0,0
320,Phillip Gaines,KC,CB,11,NYG,0,0,0,0,0,0,0,0,0,0,0,0,0,0
320,Ryan Davis,BUF,OLB,11,LAC,0,0,0,0,0,0,0,0,0,0,0,0,0,0
320,Andrew Billings,CIN,DT,11,DEN,0,0,0,0,0,0,0,0,0,0,0,0,0,0
320,Rafael Bush,NO,DB,11,WAS,0,0,0,0,0,0,0,0,0,0,0,0,0,0
320,Connor Barwin,LAR,OLB,11,MIN,0,0,0,0,0,0,0,0,0,0,0,0,0,0
320,Cam Thomas,KC,NT,11,NYG,0,0,0,0,0,0,0,0,0,0,0,0,0,0
320,Damontae Kazee,ATL,SS,11,SEA,0,0,0,0,0,0,0,0,0,0,0,0,0,0
320,Stephen Weatherly,MIN,DE,11,LAR,0,0,0,0,0,0,0,0,0,0,0,0,0,0
320,Damarious Randall,GB,CB,11,BAL,0,0,0,0,0,0,0,0,0,0,0,0,0,0
320,Sam Acho,CHI,OLB,11,DET,0,0,0,0,0,0,0,0,0,0,0,0,0,0
320,D.J. Alexander,SEA,OLB,11,ATL,0,0,0,0,0,0,0,0,0,0,0,0,0,0
320,Orlando Scandrick,DAL,CB,11,PHI,0,0,0,0,0,0,0,0,0,0,0,0,0,0
320,Treyvon Hester,LV,DT,11,NE,0,0,0,0,0,0,0,0,0,0,0,0,0,0
320,Dawuane Smoot,JAX,DE,11,CLE,0,0,0,0,0,0,0,0,0,0,0,0,0,0
320,Shamarko Thomas,BUF,SS,11,LAC,0,0,0,0,0,0,0,0,0,0,0,0,0,0
320,Kurtis Drummond,HOU,SS,11,ARI,0,0,0,0,0,0,0,0,0,0,0,0,0,0
320,Fletcher Cox,PHI,DT,11,DAL,0,0,0,0,0,0,0,0,0,0,0,0,0,0
320,Trevor Reilly,NE,LB,11,LV,0,0,0,0,0,0,0,0,0,0,0,0,0,0
320,Avery Moss,NYG,DE,11,KC,0,0,0,0,0,0,0,0,0,0,0,0,0,0
320,Jourdan Lewis,DAL,CB,11,PHI,0,0,0,0,0,0,0,0,0,0,0,0,0,0
320,Rudy Ford,ARI,SS,11,HOU,0,0,0,0,0,0,0,0,0,0,0,0,0,0
320,Denico Autry,LV,DL,11,NE,0,0,0,0,0,0,0,0,0,0,0,0,0,0
320,Jarvis Jenkins,KC,DE,11,NYG,0,0,0,0,0,0,0,0,0,0,0,0,0,0
320,Tyeler Davison,NO,DT,11,WAS,0,0,0,0,0,0,0,0,0,0,0,0,0,0
320,Clayton Fejedelem,CIN,SS,11,DEN,0,0,0,0,0,0,0,0,0,0,0,0,0,0
320,Shaquil Barrett,DEN,OLB,11,CIN,0,0,0,0,0,0,0,0,0,0,0,0,0,0
320,Josh Harvey-Clemons,WAS,ILB,11,NO,0,0,0,0,0,0,0,0,0,0,0,0,0,0
320,Dominique Hatfield,LAR,CB,11,MIN,0,0,0,0,0,0,0,0,0,0,0,0,0,0
320,Evander Hood,WAS,DT,11,NO,0,0,0,0,0,0,0,0,0,0,0,0,0,0
320,Vincent Rey,CIN,OLB,11,DEN,0,0,0,0,0,0,0,0,0,0,0,0,0,0
320,Nickell Robey-Coleman,LAR,CB,11,MIN,0,0,0,0,0,0,0,0,0,0,0,0,0,0
320,Lerentee McCray,JAX,DE,11,CLE,0,0,0,0,0,0,0,0,0,0,0,0,0,0
320,Sylvester Williams,TEN,DT,11,PIT,0,0,0,0,0,0,0,0,0,0,0,0,0,0
320,Peyton Thompson,JAX,FS,11,CLE,0,0,0,0,0,0,0,0,0,0,0,0,0,0
320,Aaron Colvin,JAX,CB,11,CLE,0,0,0,0,0,0,0,0,0,0,0,0,0,0
320,Haason Reddick,ARI,OLB,11,HOU,0,0,0,0,0,0,0,0,0,0,0,0,0,0
320,Wesley Woodyard,TEN,ILB,11,PIT,0,0,0,0,0,0,0,0,0,0,0,0,0,0
320,Charles Harris,MIA,OLB,11,TB,0,0,0,0,0,0,0,0,0,0,0,0,0,0
320,Andre Branch,MIA,DE,11,TB,0,0,0,0,0,0,0,0,0,0,0,0,0,0
320,Shamar Stephen,MIN,DT,11,LAR,0,0,0,0,0,0,0,0,0,0,0,0,0,0
320,Jay Bromley,NYG,DT,11,KC,0,0,0,0,0,0,0,0,0,0,0,0,0,0
320,Lewis Neal,DAL,DT,11,PHI,0,0,0,0,0,0,0,0,0,0,0,0,0,0
320,Bradley Roby,DEN,CB,11,CIN,0,0,0,0,0,0,0,0,0,0,0,0,0,0
320,Kareem Martin,ARI,OLB,11,HOU,0,0,0,0,0,0,0,0,0,0,0,0,0,0
320,Joel Heath,HOU,DE,11,ARI,0,0,0,0,0,0,0,0,0,0,0,0,0,0
320,Vic Beasley Jr.,ATL,OLB,11,SEA,0,0,0,0,0,0,0,0,0,0,0,0,0,0
320,Akeem Ayers,NYG,OLB,11,KC,0,0,0,0,0,0,0,0,0,0,0,0,0,0
320,Chris Long,PHI,DE,11,DAL,0,0,0,0,0,0,0,0,0,0,0,0,0,0
320,Kyle Emanuel,LAC,OLB,11,BUF,0,0,0,0,0,0,0,0,0,0,0,0,0,0
320,Damien Wilson,DAL,LB,11,PHI,0,0,0,0,0,0,0,0,0,0,0,0,0,0
320,Ahtyba Rubin,ATL,DT,11,SEA,0,0,0,0,0,0,0,0,0,0,0,0,0,0
320,Beau Allen,PHI,DT,11,DAL,0,0,0,0,0,0,0,0,0,0,0,0,0,0
320,Derrick Shelby,ATL,DE,11,SEA,0,0,0,0,0,0,0,0,0,0,0,0,0,0
320,C.J. Goodwin,ATL,CB,11,SEA,0,0,0,0,0,0,0,0,0,0,0,0,0,0
320,Damion Square,LAC,DT,11,BUF,0,0,0,0,0,0,0,0,0,0,0,0,0,0
320,Anthony Chickillo,PIT,OLB,11,TEN,0,0,0,0,0,0,0,0,0,0,0,0,0,0
320,Abry Jones,JAX,NT,11,CLE,0,0,0,0,0,0,0,0,0,0,0,0,0,0
320,Deon King,CLE,OLB,11,JAX,0,0,0,0,0,0,0,0,0,0,0,0,0,0
320,A'Shawn Robinson,DET,NT,11,CHI,0,0,0,0,0,0,0,0,0,0,0,0,0,0
320,Daren Bates,TEN,ILB,11,PIT,0,0,0,0,0,0,0,0,0,0,0,0,0,0
320,Chuck Clark,BAL,SS,11,GB,0,0,0,0,0,0,0,0,0,0,0,0,0,0
320,Anthony Zettel,DET,DE,11,CHI,0,0,0,0,0,0,0,0,0,0,0,0,0,0
320,Don Carey,DET,CB,11,CHI,0,0,0,0,0,0,0,0,0,0,0,0,0,0
320,Miles Killebrew,DET,LB,11,CHI,0,0,0,0,0,0,0,0,0,0,0,0,0,0
320,DaQuan Jones,TEN,DT,11,PIT,0,0,0,0,0,0,0,0,0,0,0,0,0,0
320,Austin Johnson,TEN,NT,11,PIT,0,0,0,0,0,0,0,0,0,0,0,0,0,0
320,Maurice Canady,BAL,CB,11,GB,0,0,0,0,0,0,0,0,0,0,0,0,0,0
320,Tyus Bowser,BAL,OLB,11,GB,0,0,0,0,0,0,0,0,0,0,0,0,0,0
320,Brandon Dunn,HOU,DL,11,ARI,0,0,0,0,0,0,0,0,0,0,0,0,0,0
320,Brennan Scarlett,HOU,OLB,11,ARI,0,0,0,0,0,0,0,0,0,0,0,0,0,0
320,Anthony Levine Sr.,BAL,DB,11,GB,0,0,0,0,0,0,0,0,0,0,0,0,0,0
320,Tom Johnson,MIN,DT,11,LAR,0,0,0,0,0,0,0,0,0,0,0,0,0,0
320,Briean Boddy-Calhoun,CLE,CB,11,JAX,0,0,0,0,0,0,0,0,0,0,0,0,0,0
320,Kamalei Correa,BAL,OLB,11,GB,0,0,0,0,0,0,0,0,0,0,0,0,0,0
320,Deandre Coleman,BUF,DT,11,LAC,0,0,0,0,0,0,0,0,0,0,0,0,0,0
320,Jonathan Bullard,CHI,DE,11,DET,0,0,0,0,0,0,0,0,0,0,0,0,0,0
320,David Onyemata,NO,NT,11,WAS,0,0,0,0,0,0,0,0,0,0,0,0,0,0
320,Curtis Grant,NYG,OLB,11,KC,0,0,0,0,0,0,0,0,0,0,0,0,0,0
320,Joshua Holsey,WAS,CB,11,NO,0,0,0,0,0,0,0,0,0,0,0,0,0,0
320,Ryan Russell,TB,DE,11,MIA,0,0,0,0,0,0,0,0,0,0,0,0,0,0
320,Donald Payne,JAX,ILB,11,CLE,0,0,0,0,0,0,0,0,0,0,0,0,0,0
320,Marcus Williams,HOU,CB,11,ARI,0,0,0,0,0,0,0,0,0,0,0,0,0,0
320,Ufomba Kamalu,HOU,OLB,11,ARI,0,0,0,0,0,0,0,0,0,0,0,0,0,0
320,Tyrunn Walker,LAR,DT,11,MIN,0,0,0,0,0,0,0,0,0,0,0,0,0,0
320,Brian Peters,HOU,ILB,11,ARI,0,0,0,0,0,0,0,0,0,0,0,0,0,0
320,Kenneth Acker,KC,CB,11,NYG,0,0,0,0,0,0,0,0,0,0,0,0,0,0
320,Justin Coleman,SEA,CB,11,ATL,0,0,0,0,0,0,0,0,0,0,0,0,0,0
320,Treston Decoud,HOU,CB,11,ARI,0,0,0,0,0,0,0,0,0,0,0,0,0,0
320,Eric Murray,KC,FS,11,NYG,0,0,0,0,0,0,0,0,0,0,0,0,0,0
320,Nick Bellore,DET,FB,11,CHI,0,0,0,0,0,0,0,0,0,0,0,0,0,0
320,Jordan Phillips,MIA,DE,11,TB,0,0,0,0,0,0,0,0,0,0,0,0,0,0
320,Devante Bond,TB,OLB,11,MIA,0,0,0,0,0,0,0,0,0,0,0,0,0,0
320,Jordan Richards,NE,SS,11,LV,0,0,0,0,0,0,0,0,0,0,0,0,0,0
320,Destiny Vaeao,PHI,DE,11,DAL,0,0,0,0,0,0,0,0,0,0,0,0,0,0
320,Courtney Upshaw,ATL,OLB,11,SEA,0,0,0,0,0,0,0,0,0,0,0,0,0,0
320,Shaquill Griffin,SEA,CB,11,ATL,0,0,0,0,0,0,0,0,0,0,0,0,0,0
320,Rakeem Nunez-Roches,KC,DE,11,NYG,0,0,0,0,0,0,0,0,0,0,0,0,0,0
320,Kevin Johnson,HOU,CB,11,ARI,0,0,0,0,0,0,0,0,0,0,0,0,0,0
320,Chris Baker,TB,NT,11,MIA,0,0,0,0,0,0,0,0,0,0,0,0,0,0
320,Brandon Wilson,CIN,FS,11,DEN,0,0,0,0,0,0,0,0,0,0,0,0,0,0
320,Eddie Vanderdoes,LV,NT,11,NE,0,0,0,0,0,0,0,0,0,0,0,0,0,0
320,Ricky Jean-Francois,NE,DT,11,LV,0,0,0,0,0,0,0,0,0,0,0,0,0,0
320,Josh Robinson,TB,CB,11,MIA,0,0,0,0,0,0,0,0,0,0,0,0,0,0
320,Johnson Bademosi,NE,DB,11,LV,0,0,0,0,0,0,0,0,0,0,0,0,0,0
320,Neiko Thorpe,SEA,CB,11,ATL,0,0,0,0,0,0,0,0,0,0,0,0,0,0
320,Bobby McCain,MIA,CB,11,TB,0,0,0,0,0,0,0,0,0,0,0,0,0,0
320,Matt Ioannidis,WAS,DT,11,NO,0,0,0,0,0,0,0,0,0,0,0,0,0,0
320,Eric Wilson,MIN,OLB,11,LAR,0,0,0,0,0,0,0,0,0,0,0,0,0,0
320,Anthony Barr,MIN,OLB,11,LAR,0,0,0,0,0,0,0,0,0,0,0,0,0,0
320,Ryan Anderson,WAS,OLB,11,NO,0,0,0,0,0,0,0,0,0,0,0,0,0,0
320,Trey Hendrickson,NO,DE,11,WAS,0,0,0,0,0,0,0,0,0,0,0,0,0,0
320,Rayshawn Jenkins,LAC,FS,11,BUF,0,0,0,0,0,0,0,0,0,0,0,0,0,0
320,Jayron Kearse,MIN,FS,11,LAR,0,0,0,0,0,0,0,0,0,0,0,0,0,0
320,Will Clarke,TB,DE,11,MIA,0,0,0,0,0,0,0,0,0,0,0,0,0,0
320,Adolphus Washington,BUF,DT,11,LAC,0,0,0,0,0,0,0,0,0,0,0,0,0,0
320,Shelby Harris,DEN,DE,11,CIN,0,0,0,0,0,0,0,0,0,0,0,0,0,0
320,Corey Graham,PHI,FS,11,DAL,0,0,0,0,0,0,0,0,0,0,0,0,0,0
320,Justin Ellis,LV,DT,11,NE,0,0,0,0,0,0,0,0,0,0,0,0,0,0
320,Marshon Lattimore,NO,CB,11,WAS,0,0,0,0,0,0,0,0,0,0,0,0,0,0
320,Chris Harris Jr.,DEN,CB,11,CIN,0,0,0,0,0,0,0,0,0,0,0,0,0,0
320,Maliek Collins,DAL,DL,11,PHI,0,0,0,0,0,0,0,0,0,0,0,0,0,0
320,Kamu Grugier-Hill,PHI,OLB,11,DAL,0,0,0,0,0,0,0,0,0,0,0,0,0,0
320,Jordan Willis,CIN,DE,11,DEN,0,0,0,0,0,0,0,0,0,0,0,0,0,0
320,Xavier Woodson-Luster,LV,OLB,11,NE,0,0,0,0,0,0,0,0,0,0,0,0,0,0
320,Carl Lawson,CIN,DE,11,DEN,0,0,0,0,0,0,0,0,0,0,0,0,0,0
320,Junior Galette,WAS,OLB,11,NO,0,0,0,0,0,0,0,0,0,0,0,0,0,0
320,Lafayette Pitts,BUF,CB,11,LAC,0,0,0,0,0,0,0,0,0,0,0,0,0,0
320,Darian Stewart,DEN,FS,11,CIN,0,0,0,0,0,0,0,0,0,0,0,0,0,0
320,Tyrone Crawford,DAL,DT,11,PHI,0,0,0,0,0,0,0,0,0,0,0,0,0,0
320,Najee Goode,PHI,ILB,11,DAL,0,0,0,0,0,0,0,0,0,0,0,0,0,0
320,Jermaine Whitehead,GB,SS,11,BAL,0,0,0,0,0,0,0,0,0,0,0,0,0,0
320,Carl Davis,BAL,DT,11,GB,0,0,0,0,0,0,0,0,0,0,0,0,0,0
320,Tyler Patmon,JAX,CB,11,CLE,0,0,0,0,0,0,0,0,0,0,0,0,0,0
320,Ben Heeney,HOU,ILB,11,ARI,0,0,0,0,0,0,0,0,0,0,0,0,0,0
320,Cameron Lynch,TB,OLB,11,MIA,0,0,0,0,0,0,0,0,0,0,0,0,0,0
320,Stacy McGee,WAS,DE,11,NO,0,0,0,0,0,0,0,0,0,0,0,0,0,0
320,Alterraun Verner,MIA,CB,11,TB,0,0,0,0,0,0,0,0,0,0,0,0,0,0
320,Darius Philon,LAC,DT,11,BUF,0,0,0,0,0,0,0,0,0,0,0,0,0,0
320,D.J. Reader,HOU,NT,11,ARI,0,0,0,0,0,0,0,0,0,0,0,0,0,0
320,Ramik Wilson,KC,ILB,11,NYG,0,0,0,0,0,0,0,0,0,0,0,0,0,0
320,Michael Thomas,MIA,SS,11,TB,0,0,0,0,0,0,0,0,0,0,0,0,0,0
320,Brandon Mebane,LAC,DT,11,BUF,0,0,0,0,0,0,0,0,0,0,0,0,0,0
320,Dont'e Deayon,NYG,CB,11,KC,0,0,0,0,0,0,0,0,0,0,0,0,0,0
320,Joe Walker,PHI,ILB,11,DAL,0,0,0,0,0,0,0,0,0,0,0,0,0,0
320,Darrius Heyward-Bey,PIT,WR,11,TEN,0,0,0,0,0,0,0,0,0,0,0,0,0,0
320,Jalston Fowler,TEN,RB,11,PIT,0,0,0,0,0,0,0,0,0,0,0,0,0,0
320,Terrell Watson,PIT,RB,11,TEN,0,0,0,0,0,0,0,0,0,0,0,0,0,0
320,Xavier Grimble,PIT,TE,11,TEN,0,0,0,0,0,0,0,0,0,0,0,0,0,0
320,David Fluellen,TEN,RB,11,PIT,0,0,0,0,0,0,0,0,0,0,0,0,0,0
320,Vince Mayle,BAL,WR,11,GB,0,0,0,0,0,0,0,0,0,0,0,0,0,0
320,Chris Moore,BAL,WR,11,GB,0,0,0,0,0,0,0,0,0,0,0,0,0,0
320,Tyson Alualu,PIT,DE,11,TEN,0,0,0,0,0,0,0,0,0,0,0,0,0,0
320,Danny Vitale,CLE,FB,11,JAX,0,0,0,0,0,0,0,0,0,0,0,0,0,0
320,Andrew DePaola,CHI,LS,11,DET,0,0,0,0,0,0,0,0,0,0,0,0,0,0
320,Michael Roberts,DET,TE,11,CHI,0,0,0,0,0,0,0,0,0,0,0,0,0,0
320,Charley Hughlett,CLE,LS,11,JAX,0,0,0,0,0,0,0,0,0,0,0,0,0,0
320,Phillip Supernaw,TEN,TE,11,PIT,0,0,0,0,0,0,0,0,0,0,0,0,0,0
320,Josh Bellamy,CHI,WR,11,DET,0,0,0,0,0,0,0,0,0,0,0,0,0,0
320,Brynden Trawick,TEN,FS,11,PIT,0,0,0,0,0,0,0,0,0,0,0,0,0,0
320,William Gay,PIT,FS,11,TEN,0,0,0,0,0,0,0,0,0,0,0,0,0,0
320,Don Muhlbach,DET,LS,11,CHI,0,0,0,0,0,0,0,0,0,0,0,0,0,0
320,Brian Allen,PIT,CB,11,TEN,0,0,0,0,0,0,0,0,0,0,0,0,0,0
320,Ben Braunecker,CHI,TE,11,DET,0,0,0,0,0,0,0,0,0,0,0,0,0,0
320,Mason Crosby,GB,K,11,BAL,0,0,0,0,0,0,0,0,0,0,0,0,0,0
320,Justin Drescher,ARI,LS,11,HOU,0,0,0,0,0,0,0,0,0,0,0,0,0,0
320,Josh Mauro,ARI,DE,11,HOU,0,0,0,0,0,0,0,0,0,0,0,0,0,0
320,Da'Norris Searcy,TEN,SS,11,PIT,0,0,0,0,0,0,0,0,0,0,0,0,0,0
320,Khyri Thornton,DET,DT,11,CHI,0,0,0,0,0,0,0,0,0,0,0,0,0,0
320,Roy Robertson-Harris,CHI,DE,11,DET,0,0,0,0,0,0,0,0,0,0,0,0,0,0
320,Taywan Taylor,TEN,WR,11,PIT,0,0,0,0,0,0,0,0,0,0,0,0,0,0
320,DeAndre Houston-Carson,CHI,S,11,DET,0,0,0,0,0,0,0,0,0,0,0,0,0,0
320,Kameron Canaday,PIT,LS,11,TEN,0,0,0,0,0,0,0,0,0,0,0,0,0,0
320,Tye Smith,TEN,CB,11,PIT,0,0,0,0,0,0,0,0,0,0,0,0,0,0
320,Markus Wheaton,CHI,WR,11,DET,0,0,0,0,0,0,0,0,0,0,0,0,0,0
320,Rashard Higgins,CLE,WR,11,JAX,0,0,0,0,0,0,0,0,0,0,0,0,0,0
320,Ben Koyack,JAX,TE,11,CLE,0,0,0,0,0,0,0,0,0,0,0,0,0,0
320,Eric Weems,TEN,WR,11,PIT,0,0,0,0,0,0,0,0,0,0,0,0,0,0
320,Nate Palmer,TEN,ILB,11,PIT,0,0,0,0,0,0,0,0,0,0,0,0,0,0
320,Michael Burton,CHI,FB,11,DET,0,0,0,0,0,0,0,0,0,0,0,0,0,0
320,Randall Telfer,CLE,TE,11,JAX,0,0,0,0,0,0,0,0,0,0,0,0,0,0
320,Dan McCullers,PIT,NT,11,TEN,0,0,0,0,0,0,0,0,0,0,0,0,0,0
320,Beau Brinkley,TEN,LS,11,PIT,0,0,0,0,0,0,0,0,0,0,0,0,0,0
320,Eli Rogers,PIT,WR,11,TEN,0,0,0,0,0,0,0,0,0,0,0,0,0,0
320,Zach Zenner,DET,RB,11,CHI,0,0,0,0,0,0,0,0,0,0,0,0,0,0
320,John Timu,CHI,ILB,11,DET,0,0,0,0,0,0,0,0,0,0,0,0,0,0
320,Arthur Moats,PIT,DE,11,TEN,0,0,0,0,0,0,0,0,0,0,0,0,0,0
320,L.J. Fort,PIT,OLB,11,TEN,0,0,0,0,0,0,0,0,0,0,0,0,0,0
320,Jordan Todman,HOU,RB,11,ARI,0,0,0,0,0,0,0,0,0,0,0,0,0,0
320,Brittan Golden,ARI,WR,11,HOU,0,0,0,0,0,0,0,0,0,0,0,0,0,0
320,Kasim Edebali,DET,DE,11,CHI,0,0,0,0,0,0,0,0,0,0,0,0,0,0
320,Sammie Coates,CLE,WR,11,JAX,0,0,0,0,0,0,0,0,0,0,0,0,0,0
320,Jaydon Mickens,JAX,WR,11,CLE,0,0,0,0,0,0,0,0,0,0,0,0,0,0
320,Colin Holba,JAX,LS,11,CLE,0,0,0,0,0,0,0,0,0,0,0,0,0,0
320,Roosevelt Nix,PIT,FB,11,TEN,0,0,0,0,0,0,0,0,0,0,0,0,0,0
320,Robert Thomas,NYG,DT,11,KC,0,0,0,0,0,0,0,0,0,0,0,0,0,0
320,Steven Johnson,BAL,ILB,11,GB,0,0,0,0,0,0,0,0,0,0,0,0,0,0
320,Darryl Tapp,TB,DE,11,MIA,0,0,0,0,0,0,0,0,0,0,0,0,0,0
320,Stephone Anthony,MIA,OLB,11,TB,0,0,0,0,0,0,0,0,0,0,0,0,0,0
320,Tanzel Smart,LAR,DL,11,MIN,0,0,0,0,0,0,0,0,0,0,0,0,0,0
320,Derron Smith,CLE,SS,11,JAX,0,0,0,0,0,0,0,0,0,0,0,0,0,0
320,Kevin McDermott,MIN,LS,11,LAR,0,0,0,0,0,0,0,0,0,0,0,0,0,0
320,Jeff Janis,GB,WR,11,BAL,0,0,0,0,0,0,0,0,0,0,0,0,0,0
320,Kai Nacua,CLE,FS,11,JAX,0,0,0,0,0,0,0,0,0,0,0,0,0,0
320,Bradley Sowell,CHI,TE,11,DET,0,0,0,0,0,0,0,0,0,0,0,0,0,0
320,Joe Thomas,GB,OLB,11,BAL,0,0,0,0,0,0,0,0,0,0,0,0,0,0
320,Khari Lee,BUF,TE,11,LAC,0,0,0,0,0,0,0,0,0,0,0,0,0,0
320,Jonnu Smith,TEN,TE,11,PIT,0,0,0,0,0,0,0,0,0,0,0,0,0,0
320,Pharoh Cooper,LAR,WR,11,MIN,0,0,0,0,0,0,0,0,0,0,0,0,0,0
320,Brandon Williams,BAL,NT,11,GB,0,0,0,0,0,0,0,0,0,0,0,0,0,0
320,Calvin Pryor,JAX,SS,11,CLE,0,0,0,0,0,0,0,0,0,0,0,0,0,0
320,Larry Pinkard,JAX,WR,11,CLE,0,0,0,0,0,0,0,0,0,0,0,0,0,0
320,Josh Keyes,CLE,ILB,11,JAX,0,0,0,0,0,0,0,0,0,0,0,0,0,0
320,Keith Tandy,TB,SS,11,MIA,0,0,0,0,0,0,0,0,0,0,0,0,0,0
320,Josh Hawkins,GB,CB,11,BAL,0,0,0,0,0,0,0,0,0,0,0,0,0,0
320,J.J. Wilcox,PIT,DB,11,TEN,0,0,0,0,0,0,0,0,0,0,0,0,0,0
320,Jonathan Anderson,CHI,ILB,11,DET,0,0,0,0,0,0,0,0,0,0,0,0,0,0
320,Brice McCain,TEN,CB,11,PIT,0,0,0,0,0,0,0,0,0,0,0,0,0,0
320,Matt Longacre,LAR,OLB,11,MIN,0,0,0,0,0,0,0,0,0,0,0,0,0,0
320,Jamie Meder,CLE,DT,11,JAX,0,0,0,0,0,0,0,0,0,0,0,0,0,0
320,Michael Jordan,CLE,CB,11,JAX,0,0,0,0,0,0,0,0,0,0,0,0,0,0
320,Tenny Palepoi,LAC,DT,11,BUF,0,0,0,0,0,0,0,0,0,0,0,0,0,0
320,Cody Core,CIN,WR,11,DEN,0,0,0,0,0,0,0,0,0,0,0,0,0,0
320,Geronimo Allison,GB,WR,11,BAL,0,0,0,0,0,0,0,0,0,0,0,0,0,0
320,Cory Littleton,LAR,ILB,11,MIN,0,0,0,0,0,0,0,0,0,0,0,0,0,0
320,Jaleel Johnson,MIN,DL,11,LAR,0,0,0,0,0,0,0,0,0,0,0,0,0,0
320,Morgan Cox,BAL,LS,11,GB,0,0,0,0,0,0,0,0,0,0,0,0,0,0
320,Patrick Ricard,BAL,FB,11,GB,0,0,0,0,0,0,0,0,0,0,0,0,0,0
320,Deon Bush,CHI,FS,11,DET,0,0,0,0,0,0,0,0,0,0,0,0,0,0
320,James Winchester,KC,LS,11,NYG,0,0,0,0,0,0,0,0,0,0,0,0,0,0
320,Chris Banjo,NO,FS,11,WAS,0,0,0,0,0,0,0,0,0,0,0,0,0,0
320,Josh Bynes,ARI,ILB,11,HOU,0,0,0,0,0,0,0,0,0,0,0,0,0,0
320,Ukeme Eligwe,KC,OLB,11,NYG,0,0,0,0,0,0,0,0,0,0,0,0,0,0
320,Jerrol Garcia-Williams,DEN,ILB,11,CIN,0,0,0,0,0,0,0,0,0,0,0,0,0,0
320,Mike Hull,MIA,LB,11,TB,0,0,0,0,0,0,0,0,0,0,0,0,0,0
320,Joe Webb,BUF,QB,11,LAC,0,0,0,0,0,0,0,0,0,0,0,0,0,0
320,Terrell McClain,WAS,DT,11,NO,0,0,0,0,0,0,0,0,0,0,0,0,0,0
320,Justin Hardee,NO,CB,11,WAS,0,0,0,0,0,0,0,0,0,0,0,0,0,0
320,Troy Niklas,ARI,TE,11,HOU,0,0,0,0,0,0,0,0,0,0,0,0,0,0
320,Trevor Davis,GB,WR,11,BAL,0,0,0,0,0,0,0,0,0,0,0,0,0,0
320,Lenzy Pipkins,GB,CB,11,BAL,0,0,0,0,0,0,0,0,0,0,0,0,0,0
320,Jay Prosch,HOU,FB,11,ARI,0,0,0,0,0,0,0,0,0,0,0,0,0,0
320,Corey Moore,HOU,FS,11,ARI,0,0,0,0,0,0,0,0,0,0,0,0,0,0
320,Terrence Fede,MIA,DE,11,TB,0,0,0,0,0,0,0,0,0,0,0,0,0,0
320,Maurice Smith,MIA,DB,11,TB,0,0,0,0,0,0,0,0,0,0,0,0,0,0
320,Kerry Wynn,NYG,DE,11,KC,0,0,0,0,0,0,0,0,0,0,0,0,0,0
320,MarQueis Gray,MIA,TE,11,TB,0,0,0,0,0,0,0,0,0,0,0,0,0,0
320,Scooby Wright,ARI,ILB,11,HOU,0,0,0,0,0,0,0,0,0,0,0,0,0,0
320,Terrance Smith,KC,ILB,11,NYG,0,0,0,0,0,0,0,0,0,0,0,0,0,0
320,Corey Grant,JAX,RB,11,CLE,0,0,0,0,0,0,0,0,0,0,0,0,0,0
320,Blake Bell,MIN,TE,11,LAR,0,0,0,0,0,0,0,0,0,0,0,0,0,0
320,Morgan Fox,LAR,DE,11,MIN,0,0,0,0,0,0,0,0,0,0,0,0,0,0
320,Tavon Austin,LAR,WR,11,MIN,0,0,0,0,0,0,0,0,0,0,0,0,0,0
320,Adam Bighill,NO,ILB,11,WAS,0,0,0,0,0,0,0,0,0,0,0,0,0,0
320,Zak DeOssie,NYG,LS,11,KC,0,0,0,0,0,0,0,0,0,0,0,0,0,0
320,John Denney,MIA,LS,11,TB,0,0,0,0,0,0,0,0,0,0,0,0,0,0
320,Chase Allen,MIA,OLB,11,TB,0,0,0,0,0,0,0,0,0,0,0,0,0,0
320,Brandon Bolden,NE,RB,11,LV,0,0,0,0,0,0,0,0,0,0,0,0,0,0
320,Keith Smith,DAL,FB,11,PHI,0,0,0,0,0,0,0,0,0,0,0,0,0,0
320,Patrick DiMarco,BUF,FB,11,LAC,0,0,0,0,0,0,0,0,0,0,0,0,0,0
320,Dexter McDonald,LV,CB,11,NE,0,0,0,0,0,0,0,0,0,0,0,0,0,0
320,Zach Kerr,DEN,DT,11,CIN,0,0,0,0,0,0,0,0,0,0,0,0,0,0
320,Tanoh Kpassagnon,KC,DE,11,NYG,0,0,0,0,0,0,0,0,0,0,0,0,0,0
320,Brooks Reed,ATL,OLB,11,SEA,0,0,0,0,0,0,0,0,0,0,0,0,0,0
320,Ricardo Allen,ATL,FS,11,SEA,0,0,0,0,0,0,0,0,0,0,0,0,0,0
320,Cethan Carter,CIN,TE,11,DEN,0,0,0,0,0,0,0,0,0,0,0,0,0,0
320,Steven Terrell,KC,FS,11,NYG,0,0,0,0,0,0,0,0,0,0,0,0,0,0
320,Brian Hoyer,NE,QB,11,LV,0,0,0,0,0,0,0,0,0,0,0,0,0,0
320,Erik Harris,LV,SS,11,NE,0,0,0,0,0,0,0,0,0,0,0,0,0,0
320,Ben Gedeon,MIN,OLB,11,LAR,0,0,0,0,0,0,0,0,0,0,0,0,0,0
320,Justin March-Lillard,DAL,ILB,11,PHI,0,0,0,0,0,0,0,0,0,0,0,0,0,0
320,Jon Weeks,HOU,LS,11,ARI,0,0,0,0,0,0,0,0,0,0,0,0,0,0
320,Justin Bethel,ARI,CB,11,HOU,0,0,0,0,0,0,0,0,0,0,0,0,0,0
320,Bryce Hager,LAR,ILB,11,MIN,0,0,0,0,0,0,0,0,0,0,0,0,0,0
320,Josh Reynolds,LAR,WR,11,MIN,0,0,0,0,0,0,0,0,0,0,0,0,0,0
320,Phillip Dorsett II,NE,WR,11,LV,0,0,0,0,0,0,0,0,0,0,0,0,0,0
320,Kyle Wilber,DAL,OLB,11,PHI,0,0,0,0,0,0,0,0,0,0,0,0,0,0
320,Javien Elliott,TB,CB,11,MIA,0,0,0,0,0,0,0,0,0,0,0,0,0,0
320,Michael Hoomanawanui,NO,TE,11,WAS,0,0,0,0,0,0,0,0,0,0,0,0,0,0
320,Freddie Martino,TB,WR,11,MIA,0,0,0,0,0,0,0,0,0,0,0,0,0,0
320,Jehu Chesson,KC,WR,11,NYG,0,0,0,0,0,0,0,0,0,0,0,0,0,0
320,Zach Wood,NO,LS,11,WAS,0,0,0,0,0,0,0,0,0,0,0,0,0,0
320,Marcus Johnson,PHI,WR,11,DAL,0,0,0,0,0,0,0,0,0,0,0,0,0,0
320,Walt Aikens,MIA,FS,11,TB,0,0,0,0,0,0,0,0,0,0,0,0,0,0
320,Hau'oli Kikaha,NO,OLB,11,WAS,0,0,0,0,0,0,0,0,0,0,0,0,0,0
320,Maurice Harris,WAS,WR,11,NO,0,0,0,0,0,0,0,0,0,0,0,0,0,0
320,Zaire Anderson,DEN,ILB,11,CIN,0,0,0,0,0,0,0,0,0,0,0,0,0,0
320,Joseph Jones,DEN,ILB,11,CIN,0,0,0,0,0,0,0,0,0,0,0,0,0,0
320,Deiontrez Mount,DEN,OLB,11,CIN,0,0,0,0,0,0,0,0,0,0,0,0,0,0
320,Devin McCourty,NE,SS,11,LV,0,0,0,0,0,0,0,0,0,0,0,0,0,0
320,Joe Cardona,NE,LS,11,LV,0,0,0,0,0,0,0,0,0,0,0,0,0,0
320,B.J. Bello,CLE,ILB,11,JAX,0,0,0,0,0,0,0,0,0,0,0,0,0,0
320,Chris Carter,WAS,OLB,11,NO,0,0,0,0,0,0,0,0,0,0,0,0,0,0
320,Giorgio Tavecchio,LV,K,11,NE,0,0,0,0,0,0,0,0,0,0,0,0,0,0
320,Brett Goode,GB,LS,11,BAL,0,0,0,0,0,0,0,0,0,0,0,0,0,0
320,James Hanna,DAL,TE,11,PHI,0,0,0,0,0,0,0,0,0,0,0,0,0,0
320,Nathan Gerry,PHI,OLB,11,DAL,0,0,0,0,0,0,0,0,0,0,0,0,0,0
320,Hardy Nickerson,CIN,ILB,11,DEN,0,0,0,0,0,0,0,0,0,0,0,0,0,0
320,James Develin,NE,FB,11,LV,0,0,0,0,0,0,0,0,0,0,0,0,0,0
320,Johnny Holton,LV,WR,11,NE,0,0,0,0,0,0,0,0,0,0,0,0,0,0
320,Marcus Smith,SEA,OLB,11,ATL,0,0,0,0,0,0,0,0,0,0,0,0,0,0
320,Lance Dunbar,LAR,RB,11,MIN,0,0,0,0,0,0,0,0,0,0,0,0,0,0
320,Nick Vannett,SEA,TE,11,ATL,0,0,0,0,0,0,0,0,0,0,0,0,0,0
320,Josh Forrest,SEA,DE,11,ATL,0,0,0,0,0,0,0,0,0,0,0,0,0,0
320,Terrence Magee,ATL,RB,11,SEA,0,0,0,0,0,0,0,0,0,0,0,0,0,0
320,Tanner McEvoy,SEA,WR,11,ATL,0,0,0,0,0,0,0,0,0,0,0,0,0,0
320,Eric Saubert,ATL,TE,11,SEA,0,0,0,0,0,0,0,0,0,0,0,0,0,0
320,Casey Kreiter,DEN,LS,11,CIN,0,0,0,0,0,0,0,0,0,0,0,0,0,0
320,Brandon Williams,ARI,CB,11,HOU,0,0,0,0,0,0,0,0,0,0,0,0,0,0
320,Kentrell Brothers,MIN,ILB,11,LAR,0,0,0,0,0,0,0,0,0,0,0,0,0,0
320,Mike Windt,LAC,LS,11,BUF,0,0,0,0,0,0,0,0,0,0,0,0,0,0
320,Anthony Fasano,MIA,TE,11,TB,0,0,0,0,0,0,0,0,0,0,0,0,0,0
320,Michael Campanaro,BAL,WR,11,GB,0,0,0,0,0,0,0,0,0,0,0,0,0,0
320,Garrison Sanborn,TB,LS,11,MIA,0,0,0,0,0,0,0,0,0,0,0,0,0,0
320,Josh Harris,ATL,LS,11,SEA,0,0,0,0,0,0,0,0,0,0,0,0,0,0
320,Frank Clark,SEA,DE,11,ATL,0,0,0,0,0,0,0,0,0,0,0,0,0,0
320,Elijhaa Penny,ARI,RB,11,HOU,0,0,0,0,0,0,0,0,0,0,0,0,0,0
320,Carlos Watkins,HOU,DE,11,ARI,0,0,0,0,0,0,0,0,0,0,0,0,0,0
320,Clark Harris,CIN,LS,11,DEN,0,0,0,0,0,0,0,0,0,0,0,0,0,0
320,Kavon Frazier,DAL,SS,11,PHI,0,0,0,0,0,0,0,0,0,0,0,0,0,0
320,Antonio Gates,LAC,TE,11,BUF,0,0,0,0,0,0,0,0,0,0,0,0,0,0
320,Reid Ferguson,BUF,LS,11,LAC,0,0,0,0,0,0,0,0,0,0,0,0,0,0
320,Ryan Hewitt,CIN,TE,11,DEN,0,0,0,0,0,0,0,0,0,0,0,0,0,0
320,Shane Smith,NYG,FB,11,KC,0,0,0,0,0,0,0,0,0,0,0,0,0,0
320,Gerald Hodges,NO,ILB,11,WAS,0,0,0,0,0,0,0,0,0,0,0,0,0,0
320,Tommylee Lewis,NO,WR,11,WAS,0,0,0,0,0,0,0,0,0,0,0,0,0,0
320,Marqui Christian,LAR,SS,11,MIN,0,0,0,0,0,0,0,0,0,0,0,0,0,0
320,John Hughes,NO,DT,11,WAS,0,0,0,0,0,0,0,0,0,0,0,0,0,0
320,Rick Lovato,PHI,LS,11,DAL,0,0,0,0,0,0,0,0,0,0,0,0,0,0
320,Jacob Hollister,NE,TE,11,LV,0,0,0,0,0,0,0,0,0,0,0,0,0,0
320,Benson Mayowa,DAL,DE,11,PHI,0,0,0,0,0,0,0,0,0,0,0,0,0,0
320,Sean Weatherspoon,ATL,ILB,11,SEA,0,0,0,0,0,0,0,0,0,0,0,0,0,0
320,Demetrius Harris,KC,TE,11,NYG,0,0,0,0,0,0,0,0,0,0,0,0,0,0
320,Marvin Hall,ATL,WR,11,SEA,0,0,0,0,0,0,0,0,0,0,0,0,0,0
320,Deontae Skinner,NYG,OLB,11,KC,0,0,0,0,0,0,0,0,0,0,0,0,0,0
320,KeiVarae Russell,CIN,CB,11,DEN,0,0,0,0,0,0,0,0,0,0,0,0,0,0
320,Fabian Moreau,WAS,CB,11,NO,0,0,0,0,0,0,0,0,0,0,0,0,0,0
320,L.P. Ladouceur,DAL,LS,11,PHI,0,0,0,0,0,0,0,0,0,0,0,0,0,0
320,Jamal Carter,DEN,S,11,CIN,0,0,0,0,0,0,0,0,0,0,0,0,0,0
320,Terrance Mitchell,KC,CB,11,NYG,0,0,0,0,0,0,0,0,0,0,0,0,0,0
320,Amara Darboh,SEA,WR,11,ATL,0,0,0,0,0,0,0,0,0,0,0,0,0,0
320,Vincent Taylor,MIA,DT,11,TB,0,0,0,0,0,0,0,0,0,0,0,0,0,0
320,Antony Auclair,TB,TE,11,MIA,0,0,0,0,0,0,0,0,0,0,0,0,0,0
320,Chidobe Awuzie,DAL,CB,11,PHI,0,0,0,0,0,0,0,0,0,0,0,0,0,0
320,Tyler Ott,SEA,LS,11,ATL,0,0,0,0,0,0,0,0,0,0,0,0,0,0
320,Trey Edmunds,NO,RB,11,WAS,0,0,0,0,0,0,0,0,0,0,0,0,0,0
320,Marquel Lee,LV,OLB,11,NE,0,0,0,0,0,0,0,0,0,0,0,0,0,0
320,Jon Condo,LV,LS,11,NE,0,0,0,0,0,0,0,0,0,0,0,0,0,0
320,Cassius Marsh,NE,DE,11,LV,0,0,0,0,0,0,0,0,0,0,0,0,0,0
320,Deon Lacey,BUF,LB,11,LAC,0,0,0,0,0,0,0,0,0,0,0,0,0,0
320,Brendan Langley,DEN,WR,11,CIN,0,0,0,0,0,0,0,0,0,0,0,0,0,0
320,Adam Butler,NE,DT,11,LV,0,0,0,0,0,0,0,0,0,0,0,0,0,0
320,Geoff Swaim,DAL,TE,11,PHI,0,0,0,0,0,0,0,0,0,0,0,0,0,0
320,Cooper Rush,DAL,QB,11,PHI,0,0,0,0,0,0,0,0,0,0,0,0,0,0
320,Mario Edwards Jr.,LV,DE,11,NE,0,0,0,0,0,0,0,0,0,0,0,0,0,0
320,Jaylen Watkins,PHI,FS,11,DAL,0,0,0,0,0,0,0,0,0,0,0,0,0,0
320,Bene' Benwikere,DAL,CB,11,PHI,0,0,0,0,0,0,0,0,0,0,0,0,0,0
320,LaRoy Reynolds,ATL,OLB,11,SEA,0,0,0,0,0,0,0,0,0,0,0,0,0,0
320,Brian Hill,CIN,RB,11,DEN,0,0,0,0,0,0,0,0,0,0,0,0,0,0
320,Lee Smith,LV,TE,11,NE,0,0,0,0,0,0,0,0,0,0,0,0,0,0
320,Keith McGill,LV,FS,11,NE,0,0,0,0,0,0,0,0,0,0,0,0,0,0
320,Ryan Switzer,DAL,WR,11,PHI,0,0,0,0,0,0,0,0,0,0,0,0,0,0
320,Derrick Coleman,ATL,FB,11,SEA,0,0,0,0,0,0,0,0,0,0,0,0,0,0
320,Branden Jackson,SEA,DE,11,ATL,0,0,0,0,0,0,0,0,0,0,0,0,0,0
320,Nick Sundberg,WAS,LS,11,NO,0,0,0,0,0,0,0,0,0,0,0,0,0,0
320,Lano Hill,SEA,SS,11,ATL,0,0,0,0,0,0,0,0,0,0,0,0,0,0
320,Nate Ebner,NE,SS,11,LV,0,0,0,0,0,0,0,0,0,0,0,0,0,0
320,Senorise Perry,MIA,RB,11,TB,0,0,0,0,0,0,0,0,0,0,0,0,0,0
320,Matt Milano,BUF,OLB,11,LAC,0,0,0,0,0,0,0,0,0,0,0,0,0,0
320,Rasul Douglas,PHI,CB,11,DAL,0,0,0,0,0,0,0,0,0,0,0,0,0,0
320,Lamarr Houston,HOU,OLB,11,ARI,0,0,0,0,0,0,0,0,0,0,0,0,0,0
320,Angelo Blackson,HOU,DE,11,ARI,0,0,0,0,0,0,0,0,0,0,0,0,0,0
320,Chris Thompson,HOU,WR,11,ARI,0,0,0,0,0,0,0,0,0,0,0,0,0,0
320,Jake McQuaide,LAR,LS,11,MIN,0,0,0,0,0,0,0,0,0,0,0,0,0,0
320,Johnny Mundt,LAR,TE,11,MIN,0,0,0,0,0,0,0,0,0,0,0,0,0,0
320,Clinton McDonald,TB,DT,11,MIA,0,0,0,0,0,0,0,0,0,0,0,0,0,0
320,Andy Janovich,DEN,FB,11,CIN,0,0,0,0,0,0,0,0,0,0,0,0,0,0
320,Josh Malone,CIN,WR,11,DEN,0,0,0,0,0,0,0,0,0,0,0,0,0,0
320,Dwight Freeney,SEA,DE,11,ATL,0,0,0,0,0,0,0,0,0,0,0,0,0,0
320,Rashawn Scott,MIA,WR,11,TB,0,0,0,0,0,0,0,0,0,0,0,0,0,0
320,Deshazor Everett,WAS,FS,11,NO,0,0,0,0,0,0,0,0,0,0,0,0,0,0
320,Tanner Vallejo,BUF,ILB,11,LAC,0,0,0,0,0,0,0,0,0,0,0,0,0,0
320,C.J. Uzomah,CIN,TE,11,DEN,0,0,0,0,0,0,0,0,0,0,0,0,0,0
320,Brandon King,NE,LB,11,LV,0,0,0,0,0,0,0,0,0,0,0,0,0,0
320,Las Vegas Raiders,LV,DST,11,NE,0,0,0,0,0,0,0,0,1,0,0,0,0,0
320,Los Angeles Rams,LAR,DST,11,MIN,0,0,0,0,0,0,0,0,0,0,0,0,0,0
1053,Landry Jones,PIT,QB,11,TEN,0,0,0,-3,0,0,0,0,0,0,0,0,-0.3,-0.3
1054,Dallas Cowboys,DAL,DST,11,PHI,0,0,0,0,0,0,0,0,0,0,0,0,-1,-1
1054,Tennessee Titans,TEN,DST,11,PIT,0,0,0,0,0,0,0,0,3,0,1,0,-1,-1
1056,Nathan Peterman,BUF,QB,11,LAC,66,0,5,4,0,0,0,0,0,0,0,0,-2,-1.96
1057,Jabrill Peppers,CLE,SS,11,JAX,0,0,0,0,0,0,0,0,0,0,0,0,-2,-2
1057,Jakeem Grant Sr.,MIA,WR,11,TB,0,0,0,0,0,0,0,0,0,0,0,0,-2,-2
1057,Andre Roberts,ATL,WR,11,SEA,0,0,0,0,0,0,0,0,0,0,0,0,-2,-2
1060,Devante Mays,GB,RB,11,BAL,0,0,0,-1,0,0,0,0,0,0,0,0,-2.1,-2.1
1061,Buffalo Bills,BUF,DST,11,LAC,0,0,0,0,0,0,0,0,1,0,0,0,-3,-3
