,Name,Position,Week,Team,OPRNK,FD_Projection,Salary,Percentage,Predictions,Boom/Bust
0,Derrick Henry,RB,3,TEN,13.0,18.31,9700,20.7,18.6,Boom
1,Dalvin Cook,RB,3,MIN,31.0,18.46,9500,21.9,19.1,Boom
2,Kyler Murray,QB,3,ARI,23.0,25.96,9000,10.4,28.8,Boom
3,Patrick Mahomes,QB,3,KC,2.0,24.38,8700,12.4,27.8,Boom
4,Tyreek Hill,WR,3,KC,1.0,18.02,8700,16.7,17.7,Boom
5,Travis Kelce,TE,3,KC,17.0,16.25,8500,22.5,16.1,Boom
6,DeAndre Hopkins,WR,3,ARI,21.0,15.49,8500,10.7,14.8,Boom
7,Lamar Jackson,QB,3,BAL,25.0,25.5,8400,11.9,25.5,
8,Russell Wilson,QB,3,SEA,29.0,23.24,8400,7.4,24.0,Boom
9,Calvin Ridley,WR,3,ATL,16.0,14.86,8100,6.0,13.6,Bust
10,Josh Allen,QB,3,BUF,20.0,23.17,8000,8.9,26.1,Boom
11,Alvin Kamara,RB,3,NO,11.0,17.18,8000,17.7,18.2,Bust
12,Tyler Lockett,WR,3,SEA,31.0,15.11,8000,13.4,14.0,Boom
13,Cooper Kupp,WR,3,LAR,28.0,15.64,7900,13.6,15.6,
14,Tom Brady,QB,3,TB,9.0,20.8,7800,6.0,20.8,
15,Nick Chubb,RB,3,CLE,6.0,15.9,7800,8.0,16.1,Boom
16,Kirk Cousins,QB,3,MIN,12.0,19.77,7700,4.4,20.6,Boom
17,Stefon Diggs,WR,3,BUF,23.0,15.19,7700,16.0,15.3,Bust
18,Chris Carson,RB,3,SEA,18.0,13.87,7700,7.0,13.8,Boom
19,Matthew Stafford,QB,3,LAR,21.0,20.26,7600,6.4,20.3,
20,Adam Thielen,WR,3,MIN,13.0,14.09,7600,7.0,14.9,Boom
21,Justin Herbert,QB,3,LAC,24.0,21.01,7500,5.4,22.9,Bust
22,Najee Harris,RB,3,PIT,9.0,13.75,7500,12.7,5.8,Bust
23,Daniel Jones,QB,3,NYG,32.0,19.72,7400,2.9,20.0,Boom
24,Justin Jefferson,WR,3,MIN,13.0,14.48,7400,10.7,15.7,Boom
25,Darren Waller,TE,3,LV,20.0,14.01,7400,14.7,14.0,
26,D'Andre Swift,RB,3,DET,20.0,13.24,7400,4.7,15.6,Boom
27,Teddy Bridgewater,QB,3,DEN,6.0,18.29,7300,2.9,17.8,Boom
28,Chris Godwin,WR,3,TB,6.0,13.16,7300,16.1,13.2,
29,Derek Carr,QB,3,LV,10.0,18.96,7200,1.0,19.0,
30,DK Metcalf,WR,3,SEA,31.0,14.69,7200,16.4,13.9,Boom
31,Terry McLaurin,WR,3,WAS,3.0,12.86,7200,5.0,13.1,Bust
32,Josh Jacobs,RB,3,LV,24.0,7.56,7200,0.0,7.6,
33,Matt Ryan,QB,3,ATL,16.0,17.18,7100,1.9,16.9,Bust
34,Jared Goff,QB,3,DET,28.0,16.28,7100,1.4,18.1,Boom
35,Mike Evans,WR,3,TB,6.0,12.36,7100,6.7,12.4,
36,Ryan Tannehill,QB,3,TEN,22.0,19.69,7000,3.4,20.5,Boom
37,Austin Ekeler,RB,3,LAC,30.0,15.68,7000,12.5,14.5,Boom
38,Carson Wentz,QB,3,IND,31.0,15.48,7000,1.4,20.7,Boom
39,Jonathan Taylor,RB,3,IND,19.0,14.63,7000,7.0,12.3,Bust
40,Allen Robinson II,WR,3,CHI,17.0,12.74,7000,3.0,12.7,
41,Diontae Johnson,WR,3,PIT,20.0,10.02,7000,3.0,12.6,Bust
42,Ben Roethlisberger,QB,3,PIT,13.0,17.07,6900,1.0,21.0,Bust
43,Keenan Allen,WR,3,LAC,18.0,13.93,6900,20.1,13.7,Bust
44,David Montgomery,RB,3,CHI,8.0,13.73,6900,3.0,13.7,
45,Courtland Sutton,WR,3,DEN,4.0,13.08,6900,13.4,13.1,Bust
46,Baker Mayfield,QB,3,CLE,14.0,17.44,6800,1.5,20.9,Boom
47,Jameis Winston,QB,3,NO,3.0,16.38,6800,1.4,18.1,Boom
48,Taylor Heinicke,QB,3,WAS,1.0,15.84,6800,1.9,10.1,Bust
49,A.J. Brown,WR,3,TEN,30.0,13.98,6800,10.1,14.4,Bust
50,Joe Burrow,QB,3,CIN,18.0,16.78,6700,1.5,15.3,Boom
51,Jacoby Brissett,QB,3,MIA,11.0,15.84,6700,0.5,11.7,Bust
52,Joe Mixon,RB,3,CIN,4.0,14.1,6700,14.5,14.7,Boom
53,Julio Jones,WR,3,TEN,30.0,12.38,6700,6.7,12.4,Bust
54,Tua Tagovailoa,QB,3,MIA,11.0,0.0,6700,,0.6,Neutral
55,Trevor Lawrence,QB,3,JAX,15.0,17.31,6600,1.4,5.5,Boom
56,Marquise Brown,WR,3,BAL,15.0,11.91,6600,6.7,11.9,
57,Chase Edmonds,RB,3,ARI,29.0,11.83,6600,7.5,9.4,Boom
58,Justin Fields,QB,3,CHI,30.0,18.43,6500,1.0,18.4,
59,Mac Jones,QB,3,NE,4.0,15.23,6500,0.0,-0.9,Bust
60,Zach Wilson,QB,3,NYJ,8.0,13.91,6500,0.0,7.5,Bust
61,Clyde Edwards-Helaire,RB,3,KC,28.0,12.3,6500,12.3,11.6,Bust
62,Rob Gronkowski,TE,3,TB,19.0,9.77,6500,5.0,9.8,
63,Odell Beckham Jr.,WR,3,CLE,29.0,9.47,6500,3.0,9.5,
64,Jacob Eason,QB,3,IND,31.0,7.58,6500,0.0,7.6,
65,Jarvis Landry,WR,3,CLE,29.0,0.0,6500,0.0,3.1,Neutral
66,Ryan Fitzpatrick,QB,3,WAS,1.0,0.0,6500,,0.0,
67,Andy Dalton,QB,3,CHI,30.0,0.0,6500,,0.0,
68,Sterling Shepard,WR,3,NYG,25.0,12.06,6400,6.7,10.4,Boom
69,Ty'Son Williams,RB,3,BAL,32.0,11.46,6400,5.5,11.5,
70,Drew Lock,QB,3,DEN,6.0,0.48,6400,,0.5,
71,Mitchell Trubisky,QB,3,BUF,20.0,0.28,6400,,0.3,
72,Marvin Jones Jr.,WR,3,JAX,24.0,12.22,6300,6.7,17.0,Boom
73,T.J. Hockenson,TE,3,DET,32.0,11.26,6300,9.3,12.7,Boom
74,Darrell Henderson Jr.,RB,3,LAR,17.0,10.52,6300,5.7,10.5,
75,Taysom Hill,QB,3,NO,3.0,2.05,6300,0.0,2.8,Neutral
76,Nathan Peterman,QB,3,LV,10.0,0.31,6300,,0.3,
77,Marcus Mariota,QB,3,LV,10.0,0.0,6300,,0.0,
78,Tee Higgins,WR,3,CIN,22.0,12.1,6200,4.0,13.7,Bust
79,Damien Harris,RB,3,NE,10.0,11.58,6200,5.0,5.1,Bust
80,Kyle Pitts,TE,3,ATL,29.0,10.1,6200,3.7,1.8,Neutral
81,Brandon Allen,QB,3,CIN,18.0,0.41,6200,,0.4,
82,Case Keenum,QB,3,CLE,14.0,0.19,6200,,0.2,
83,AJ McCarron,QB,3,ATL,16.0,0.0,6200,,0.0,
84,Antonio Gibson,RB,3,WAS,3.0,13.78,6100,7.5,13.1,Bust
85,Robert Woods,WR,3,LAR,28.0,13.03,6100,16.4,13.0,
86,JuJu Smith-Schuster,WR,3,PIT,20.0,11.21,6100,2.0,12.2,Bust
87,Noah Fant,TE,3,DEN,13.0,9.75,6100,3.1,7.3,Neutral
88,Mason Rudolph,QB,3,PIT,13.0,0.87,6100,,0.9,
89,Tyler Huntley,QB,3,BAL,25.0,0.4,6100,,0.4,
90,Chase Daniel,QB,3,LAC,24.0,0.23,6100,,0.2,
91,John Wolford,QB,3,LAR,21.0,0.2,6100,,0.2,
92,Geno Smith,QB,3,SEA,29.0,0.19,6100,,0.2,
93,Mike Glennon,QB,3,NYG,32.0,0.06,6100,,0.1,
94,Chris Streveler,QB,3,ARI,23.0,0.0,6100,,0.0,
95,Saquon Barkley,RB,3,NYG,21.0,13.62,6000,15.7,17.2,Bust
96,Mike Williams,WR,3,LAC,18.0,12.56,6000,10.4,10.5,Boom
97,Melvin Gordon III,RB,3,DEN,25.0,11.32,6000,3.0,14.1,Boom
98,Mark Andrews,TE,3,BAL,22.0,10.54,6000,9.1,10.5,
99,Brett Hundley,QB,3,IND,31.0,2.76,6000,,2.8,
100,Kendall Hinton,WR,3,DEN,4.0,0.62,6000,0.0,0.6,
101,Nick Foles,QB,3,CHI,30.0,0.39,6000,,0.4,
102,David Blough,QB,3,DET,28.0,0.37,6000,,0.4,
103,Colt McCoy,QB,3,ARI,23.0,0.34,6000,,0.3,
104,Chad Henne,QB,3,KC,2.0,0.27,6000,,0.3,
105,Dwayne Haskins,QB,3,PIT,13.0,0.23,6000,,0.2,
106,Josh Rosen,QB,3,ATL,16.0,0.22,6000,,0.6,Neutral
107,C.J. Beathard,QB,3,JAX,15.0,0.22,6000,,0.2,
108,Brian Hoyer,QB,3,NE,4.0,0.21,6000,,0.2,
109,Blaine Gabbert,QB,3,TB,9.0,0.21,6000,,0.2,
110,Feleipe Franks,QB,3,ATL,16.0,0.2,6000,,0.2,
111,Kyle Allen,QB,3,WAS,1.0,0.2,6000,,0.2,
112,Kyle Trask,QB,3,TB,9.0,0.19,6000,,0.2,
113,Kellen Mond,QB,3,MIN,12.0,0.17,6000,,0.2,
114,Ian Book,QB,3,NO,3.0,0.15,6000,,0.2,
115,Logan Woodside,QB,3,TEN,22.0,0.13,6000,,0.1,
116,Sean Mannion,QB,3,MIN,12.0,0.09,6000,,0.1,
117,Kyle Shurmur,QB,3,WAS,1.0,0.0,6000,,0.0,
118,Darius Bradwell,RB,3,LAC,30.0,0.0,6000,0.0,0.0,
119,Shane Buechele,QB,3,KC,2.0,0.0,6000,,0.0,
120,Josh Thomas,DB,3,BUF,,0.0,6000,,0.0,
121,Sam Ehlinger,QB,3,IND,31.0,0.0,6000,,0.0,
122,Nick Mullens,QB,3,CLE,14.0,0.0,6000,,0.0,
123,Steven Montez,QB,3,DET,28.0,0.0,6000,,0.0,
124,Davis Webb,QB,3,BUF,20.0,0.0,6000,,0.0,
125,Matt Barkley,QB,3,TEN,22.0,0.0,6000,,0.0,
126,Ryan Griffin,QB,3,TB,9.0,0.0,6000,0.0,-3.5,Neutral
127,Trace McSorley,QB,3,BAL,25.0,0.0,6000,,0.0,
128,Travis Jonsen,WR,3,TB,6.0,0.0,6000,0.0,0.0,
129,Brian Lewerke,QB,3,NYG,32.0,0.0,6000,,0.0,
130,Kyle Lauletta,QB,3,JAX,15.0,0.0,6000,,0.0,
131,Reid Sinnett,QB,3,MIA,11.0,0.0,6000,,0.0,
132,Antonio Brown,WR,3,TB,6.0,0.0,6000,3.0,0.0,
133,Bryce Perkins,QB,3,LAR,21.0,0.0,6000,,0.0,
134,Easton Stick,QB,3,LAC,24.0,0.0,6000,,0.0,
135,Garrett Gilbert,QB,3,NE,4.0,0.0,6000,,0.0,
136,Jake Browning,QB,3,CIN,18.0,0.0,6000,,0.0,
137,Joshua Dobbs,QB,3,PIT,13.0,0.0,6000,,0.0,
138,Jake Fromm,QB,3,BUF,20.0,0.0,6000,,0.0,
139,Jarrett Stidham,QB,3,NE,4.0,0.0,6000,,0.0,
140,Tim Boyle,QB,3,DET,28.0,0.0,6000,,0.0,
141,Jake Luton,QB,3,SEA,29.0,0.0,6000,,0.0,
142,Brett Rypien,QB,3,DEN,6.0,0.0,6000,,0.0,
143,Trevor Siemian,QB,3,NO,3.0,0.0,6000,,0.0,
144,Michael Thomas,WR,3,NO,7.0,0.0,6000,0.0,0.0,
145,Myles Gaskin,RB,3,MIA,22.0,11.71,5900,1.0,10.6,Neutral
146,Ja'Marr Chase,WR,3,CIN,22.0,11.41,5900,5.0,12.1,Boom
147,Corey Davis,WR,3,NYJ,12.0,9.59,5900,3.4,8.4,Neutral
148,Devin Singletary,RB,3,BUF,7.0,9.4,5900,3.0,8.4,Neutral
149,Tim Patrick,WR,3,DEN,4.0,9.34,5900,0.5,10.1,Bust
150,Cordarrelle Patterson,RB,3,ATL,26.0,7.88,5900,1.7,10.4,Neutral
151,Leonard Fournette,RB,3,TB,15.0,11.64,5800,3.0,11.6,
152,Chase Claypool,WR,3,PIT,20.0,11.32,5800,3.0,12.5,Bust
153,DJ Chark Jr.,WR,3,JAX,24.0,10.07,5800,6.7,9.6,Bust
154,Javonte Williams,RB,3,DEN,25.0,8.42,5800,2.7,-12.5,Neutral
155,Mike Davis,RB,3,ATL,26.0,11.78,5700,11.0,13.0,Bust
156,Kenyan Drake,RB,3,LV,24.0,9.44,5700,2.5,9.4,
157,Logan Thomas,TE,3,WAS,12.0,9.22,5700,3.0,6.4,Neutral
158,Christian Kirk,WR,3,ARI,21.0,9.04,5700,2.7,11.5,Boom
159,Sammy Watkins,WR,3,BAL,15.0,8.9,5700,1.7,8.9,
160,DeVante Parker,WR,3,MIA,19.0,8.82,5700,1.0,13.9,Neutral
161,Sony Michel,RB,3,LAR,17.0,6.33,5700,1.0,6.3,
162,Kenny Golladay,WR,3,NYG,25.0,10.66,5600,6.0,10.2,Bust
163,Kareem Hunt,RB,3,CLE,6.0,10.34,5600,8.0,11.1,Boom
164,Michael Pittman Jr.,WR,3,IND,32.0,10.21,5600,2.7,5.7,Bust
165,Tyler Boyd,WR,3,CIN,22.0,10.13,5600,3.0,9.8,Bust
166,Nelson Agholor,WR,3,NE,14.0,9.43,5600,1.0,12.0,Neutral
167,Rondale Moore,WR,3,ARI,21.0,9.4,5600,1.0,13.5,Boom
168,Darnell Mooney,WR,3,CHI,17.0,9.38,5600,1.7,9.4,
169,Henry Ruggs III,WR,3,LV,10.0,8.73,5600,0.5,8.7,
170,Jamaal Williams,RB,3,DET,20.0,8.6,5600,1.7,8.5,Boom
171,Mike Gesicki,TE,3,MIA,6.0,7.03,5600,1.1,8.2,Neutral
172,Peyton Barber,RB,3,LV,24.0,3.43,5600,1.0,3.4,
173,James Robinson,RB,3,JAX,12.0,12.24,5500,5.0,12.3,Bust
174,Jaylen Waddle,WR,3,MIA,19.0,9.0,5500,0.5,10.5,Neutral
175,Tyler Higbee,TE,3,LAR,18.0,8.56,5500,7.7,8.6,
176,William Fuller V,WR,3,MIA,19.0,8.16,5500,1.0,8.2,
177,A.J. Green,WR,3,ARI,21.0,7.36,5500,3.0,6.1,Bust
178,Latavius Murray,RB,3,BAL,32.0,6.45,5500,3.0,6.4,
179,Jamison Crowder,WR,3,NYJ,12.0,6.2,5500,7.7,6.2,
180,Donovan Peoples-Jones,WR,3,CLE,29.0,5.38,5500,0.5,1.3,Neutral
181,Tyrell Williams,WR,3,DET,26.0,0.0,5500,1.0,0.0,
182,Tre'Quan Smith,WR,3,NO,7.0,0.0,5500,0.0,0.0,
183,Cole Beasley,WR,3,BUF,23.0,9.99,5400,9.7,10.4,Bust
184,James White,RB,3,NE,10.0,9.63,5400,1.0,10.5,Neutral
185,Laviska Shenault Jr.,WR,3,JAX,24.0,9.23,5400,4.0,8.6,Bust
186,Mecole Hardman,WR,3,KC,1.0,8.71,5400,8.7,9.2,Bust
187,Darius Slayton,WR,3,NYG,25.0,8.32,5400,1.0,9.7,Neutral
188,Marquez Callaway,WR,3,NO,7.0,6.97,5400,0.5,4.8,Neutral
189,Dawson Knox,TE,3,BUF,14.0,6.17,5400,1.0,3.9,Neutral
190,Zack Moss,RB,3,BUF,7.0,5.57,5400,1.0,5.6,
191,Jakobi Meyers,WR,3,NE,14.0,9.3,5300,2.7,6.1,Neutral
192,Zach Pascal,WR,3,IND,32.0,8.51,5300,0.0,8.8,Boom
193,Quintez Cephus,WR,3,DET,26.0,8.23,5300,1.2,6.2,Neutral
194,James Conner,RB,3,ARI,29.0,8.15,5300,3.0,12.0,Neutral
195,Jared Cook,TE,3,LAC,21.0,7.57,5300,4.1,8.3,Neutral
196,Austin Hooper,TE,3,CLE,8.0,7.21,5300,1.0,5.5,Neutral
197,J.D. McKissic,RB,3,WAS,3.0,7.03,5300,1.0,7.6,Neutral
198,Rashard Higgins,WR,3,CLE,29.0,5.71,5300,0.0,3.5,Neutral
199,Emmanuel Sanders,WR,3,BUF,23.0,9.13,5200,0.0,9.8,Neutral
200,Nyheim Hines,RB,3,IND,19.0,8.31,5200,1.0,6.6,Neutral
201,Jonnu Smith,TE,3,NE,11.0,6.84,5200,1.0,5.8,Neutral
202,Russell Gage,WR,3,ATL,16.0,6.43,5200,0.0,6.0,Neutral
203,KJ Hamler,WR,3,DEN,4.0,6.04,5200,0.0,-19.2,Neutral
204,Deonte Harris,WR,3,NO,7.0,5.69,5200,0.0,4.3,Neutral
205,Alexander Mattison,RB,3,MIN,31.0,3.98,5200,0.5,3.5,Neutral
206,K.J. Osborn,WR,3,MIN,13.0,8.24,5100,6.7,4.7,Boom
207,Hunter Renfrow,WR,3,LV,10.0,7.91,5100,0.0,7.9,
208,Bryan Edwards,WR,3,LV,10.0,7.36,5100,0.0,7.4,
209,Elijah Moore,WR,3,NYJ,12.0,6.92,5100,0.0,-2.1,Neutral
210,Evan Engram,TE,3,NYG,31.0,6.44,5100,1.0,6.4,
211,Ty Johnson,RB,3,NYJ,2.0,6.0,5100,0.5,4.9,Neutral
212,Kalif Raymond,WR,3,DET,26.0,4.67,5100,0.0,4.1,Neutral
213,Carlos Hyde,RB,3,JAX,12.0,4.62,5100,2.0,5.7,Neutral
214,Devontae Booker,RB,3,NYG,21.0,2.86,5100,0.5,1.9,Neutral
215,Denver Broncos,DST,3,DEN,,9.5,5000,12.6,9.5,
216,Hunter Henry,TE,3,NE,11.0,6.85,5000,0.5,9.0,Neutral
217,Gerald Everett,TE,3,SEA,16.0,6.72,5000,1.0,6.9,Neutral
218,David Njoku,TE,3,CLE,8.0,6.24,5000,0.5,3.4,Neutral
219,Ronald Jones II,RB,3,TB,15.0,5.94,5000,1.0,5.9,
220,Amon-Ra St. Brown,WR,3,DET,26.0,5.63,5000,0.0,12.2,Neutral
221,Freddie Swain,WR,3,SEA,31.0,5.29,5000,0.0,3.4,Neutral
222,Darrel Williams,RB,3,KC,28.0,4.38,5000,1.0,7.3,Neutral
223,DeSean Jackson,WR,3,LAR,28.0,3.26,5000,0.0,3.3,
224,Devonta Freeman,RB,3,BAL,32.0,2.87,5000,0.0,2.9,
225,Jake Funk,RB,3,LAR,17.0,1.01,5000,0.0,1.0,
226,Le'Veon Bell,RB,3,BAL,32.0,0.19,5000,0.0,0.2,
227,Curtis Samuel,WR,3,WAS,3.0,0.0,5000,0.0,0.0,
228,Ja'Marcus Bradley,WR,3,CLE,29.0,0.0,5000,0.0,0.0,
229,T.Y. Hilton,WR,3,IND,32.0,0.0,5000,0.0,0.0,
230,N'Keal Harry,WR,3,NE,14.0,0.0,5000,0.0,0.0,
231,Van Jefferson,WR,3,LAR,28.0,7.94,4900,6.7,7.9,
232,Cole Kmet,TE,3,CHI,26.0,6.75,4900,0.5,6.8,
233,Braxton Berrios,WR,3,NYJ,12.0,6.46,4900,6.7,4.3,Neutral
234,Michael Carter,RB,3,NYJ,2.0,6.17,4900,100.0,4.7,Neutral
235,Adam Humphries,WR,3,WAS,3.0,5.77,4900,0.0,3.9,Neutral
236,Gabriel Davis,WR,3,BUF,23.0,5.73,4900,0.0,9.6,Neutral
237,Damien Williams,RB,3,CHI,8.0,4.99,4900,0.5,5.0,
238,James Washington,WR,3,PIT,20.0,4.86,4900,0.0,3.4,Neutral
239,Albert Okwuegbunam,TE,3,DEN,13.0,4.6,4900,0.8,11.9,Neutral
240,Hayden Hurst,TE,3,ATL,29.0,4.57,4900,0.5,7.1,Neutral
241,Salvon Ahmed,RB,3,MIA,22.0,4.39,4900,0.5,7.5,Neutral
242,Harrison Bryant,TE,3,CLE,8.0,4.0,4900,0.5,4.1,Neutral
243,Byron Pringle,WR,3,KC,1.0,3.53,4900,0.0,2.7,Neutral
244,Larry Rountree III,RB,3,LAC,30.0,3.09,4900,0.5,8.3,Neutral
245,Joshua Palmer,WR,3,LAC,18.0,2.76,4900,0.0,9.4,Neutral
246,Devin Duvernay,WR,3,BAL,15.0,2.61,4900,0.0,2.6,
247,Zay Jones,WR,3,LV,10.0,1.96,4900,0.0,2.0,
248,Pittsburgh Steelers,DST,3,PIT,,9.4,4800,6.3,9.4,
249,Jack Doyle,TE,3,IND,1.0,5.78,4800,5.2,3.6,Neutral
250,Juwan Johnson,TE,3,NO,2.0,5.69,4800,1.0,4.0,Neutral
251,Anthony Schwartz,WR,3,CLE,29.0,5.42,4800,0.0,3.5,Neutral
252,Scotty Miller,WR,3,TB,6.0,5.41,4800,0.0,5.4,
253,C.J. Uzomah,TE,3,CIN,25.0,5.09,4800,1.0,8.3,Neutral
254,Dyami Brown,WR,3,WAS,3.0,5.04,4800,0.0,3.5,Neutral
255,Parris Campbell,WR,3,IND,32.0,5.02,4800,0.0,5.0,
256,Tony Jones Jr.,RB,3,NO,11.0,4.1,4800,0.5,-5.9,Neutral
257,Malcolm Brown,RB,3,MIA,22.0,3.84,4800,0.5,4.4,Neutral
258,Tevin Coleman,RB,3,NYJ,2.0,3.8,4800,0.5,4.6,Neutral
259,Demetric Felton,RB,3,CLE,6.0,3.74,4800,0.0,8.5,Neutral
260,Damiere Byrd,WR,3,CHI,17.0,2.89,4800,0.0,2.9,
261,Preston Williams,WR,3,MIA,19.0,2.54,4800,0.0,2.5,
262,Alex Collins,RB,3,SEA,18.0,2.05,4800,0.5,2.0,
263,Dee Eskridge,WR,3,SEA,31.0,1.9,4800,0.0,1.9,
264,Breshad Perriman,WR,3,CHI,17.0,1.69,4800,0.0,1.7,
265,Willie Snead IV,WR,3,LV,10.0,1.17,4800,0.0,1.2,
266,Rhamondre Stevenson,RB,3,NE,10.0,1.02,4800,0.0,1.0,
267,Denzel Mims,WR,3,NYJ,12.0,0.75,4800,0.0,0.8,
268,New England Patriots,DST,3,NE,,8.8,4700,4.0,8.8,
269,Tyler Conklin,TE,3,MIN,10.0,5.87,4700,0.5,6.3,Neutral
270,Jalen Guyton,WR,3,LAC,18.0,5.13,4700,0.0,5.5,Neutral
271,Demarcus Robinson,WR,3,KC,1.0,5.13,4700,0.0,4.3,Neutral
272,Anthony Firkser,TE,3,TEN,15.0,4.86,4700,0.5,4.9,
273,Maxx Williams,TE,3,ARI,23.0,4.7,4700,2.5,4.5,Neutral
274,Kendrick Bourne,WR,3,NE,14.0,3.72,4700,0.0,6.7,Neutral
275,Marquise Goodwin,WR,3,CHI,17.0,3.63,4700,0.0,3.6,
276,Chris Hogan,WR,3,NO,7.0,3.59,4700,0.0,5.9,Neutral
277,Jeremy McNichols,RB,3,TEN,13.0,2.87,4700,0.0,3.7,Neutral
278,Ty Montgomery,WR,3,NO,7.0,2.85,4700,0.0,1.1,Neutral
279,O.J. Howard,TE,3,TB,19.0,2.7,4700,0.0,2.7,
280,Samaje Perine,RB,3,CIN,4.0,2.68,4700,0.0,8.9,Neutral
281,Lil'Jordan Humphrey,WR,3,NO,7.0,2.62,4700,0.0,7.6,Neutral
282,Christian Blake,WR,3,ATL,16.0,2.03,4700,0.0,3.8,Neutral
283,Rashaad Penny,RB,3,SEA,18.0,1.92,4700,0.0,1.9,
284,J.J. Taylor,RB,3,NE,10.0,0.87,4700,0.0,0.9,
285,Ameer Abdullah,RB,3,MIN,31.0,0.77,4700,0.0,0.5,Neutral
286,James O'Shaughnessy,TE,3,JAX,3.0,0.0,4700,0.0,-2.4,Neutral
287,Rashod Bateman,WR,3,BAL,15.0,0.0,4700,0.0,0.0,
288,Arizona Cardinals,DST,3,ARI,,9.9,4600,5.0,9.9,
289,Pat Freiermuth,TE,3,PIT,5.0,5.2,4600,0.5,1.4,Neutral
290,Chester Rogers,WR,3,TEN,30.0,4.74,4600,0.0,4.9,Neutral
291,Olamide Zaccheaus,WR,3,ATL,16.0,4.14,4600,0.0,2.6,Neutral
292,Justin Jackson,RB,3,LAC,30.0,3.7,4600,0.0,7.3,Neutral
293,Giovani Bernard,RB,3,TB,15.0,3.47,4600,1.0,3.5,
294,Trinity Benson,WR,3,DET,26.0,3.26,4600,0.0,12.9,Neutral
295,Mo Alie-Cox,TE,3,IND,1.0,2.94,4600,0.5,1.3,Neutral
296,Foster Moreau,TE,3,LV,20.0,2.81,4600,0.0,2.8,
297,Mike Strachan,WR,3,IND,32.0,2.8,4600,0.0,-6.1,Neutral
298,Marlon Mack,RB,3,IND,19.0,2.43,4600,0.0,2.4,
299,Tyron Johnson,WR,3,JAX,24.0,2.25,4600,0.0,1.6,Neutral
300,DeeJay Dallas,RB,3,SEA,18.0,2.25,4600,0.0,2.4,Neutral
301,Kadarius Toney,WR,3,NYG,25.0,2.03,4600,0.0,9.7,Neutral
302,KJ Hill Jr.,WR,3,LAC,18.0,1.78,4600,0.0,1.8,
303,Isaiah McKenzie,WR,3,BUF,23.0,1.7,4600,0.0,0.2,Neutral
304,Albert Wilson,WR,3,MIA,19.0,1.69,4600,0.0,3.8,Neutral
305,Cam Sims,WR,3,WAS,3.0,1.53,4600,0.0,2.6,Neutral
306,Tutu Atwell,WR,3,LAR,28.0,1.3,4600,0.0,1.3,
307,Matt Breida,RB,3,BUF,7.0,1.24,4600,0.0,4.0,Neutral
308,Gary Brightwell,RB,3,NYG,21.0,0.75,4600,0.0,12.3,Neutral
309,James Proche II,WR,3,BAL,15.0,0.68,4600,0.0,0.7,
310,La'Mical Perine,RB,3,NYJ,2.0,0.56,4600,0.0,0.6,
311,C.J. Board,WR,3,NYG,25.0,0.29,4600,0.0,1.4,Neutral
312,Antonio Gandy-Golden,WR,3,WAS,3.0,0.0,4600,0.0,0.0,
313,Tarik Cohen,RB,3,CHI,8.0,0.0,4600,0.0,0.0,
314,Buddy Howell,RB,3,LAR,17.0,0.0,4600,0.0,0.0,
315,John Ross,WR,3,NYG,25.0,0.0,4600,,0.0,
316,Keke Coutee,WR,3,IND,32.0,0.0,4600,0.0,0.0,
317,Tennessee Titans,DST,3,TEN,,6.8,4500,4.5,6.8,
318,Kyle Rudolph,TE,3,NYG,31.0,4.35,4500,0.5,3.2,Neutral
319,Eric Ebron,TE,3,PIT,5.0,4.29,4500,1.0,4.4,Neutral
320,Tyler Kroft,TE,3,NYJ,4.0,3.93,4500,1.0,3.3,Neutral
321,Jimmy Graham,TE,3,CHI,26.0,3.15,4500,0.5,3.2,
322,Keelan Cole,WR,3,NYJ,12.0,3.13,4500,0.0,3.1,
323,Tyler Johnson,WR,3,TB,6.0,3.02,4500,0.0,3.0,
324,Josh Reynolds,WR,3,TEN,30.0,2.59,4500,0.0,2.6,
325,Tylan Wallace,WR,3,BAL,15.0,2.22,4500,,2.2,
326,Benny Snell Jr.,RB,3,PIT,9.0,2.21,4500,0.0,6.4,Neutral
327,Nick Westbrook-Ikhine,WR,3,TEN,30.0,2.05,4500,0.0,1.6,Neutral
328,Kalen Ballage,RB,3,PIT,9.0,1.81,4500,0.0,1.7,Neutral
329,Jonathan Ward,RB,3,ARI,29.0,1.71,4500,0.0,1.4,Neutral
330,Patrick Ricard,RB,3,BAL,32.0,1.69,4500,,1.7,
331,Frank Darby,WR,3,ATL,16.0,1.68,4500,,1.7,
332,Travis Homer,RB,3,SEA,18.0,1.67,4500,0.0,1.9,Neutral
333,Gunner Olszewski,WR,3,NE,14.0,1.43,4500,0.0,3.5,Neutral
334,Keith Smith,RB,3,ATL,26.0,1.43,4500,,-3.8,Neutral
335,Jerick McKinnon,RB,3,KC,28.0,1.42,4500,0.0,3.6,Neutral
336,Mike Thomas,WR,3,CIN,22.0,1.41,4500,0.0,2.7,Neutral
337,Jakeem Grant Sr.,WR,3,MIA,19.0,1.31,4500,0.0,2.7,Neutral
338,Brandon Bolden,RB,3,NE,10.0,1.3,4500,0.0,0.4,Neutral
339,Ashton Dulin,WR,3,IND,32.0,1.3,4500,0.0,0.1,Neutral
340,Wayne Gallman,RB,3,ATL,26.0,1.26,4500,0.0,1.3,
341,Alec Ingold,RB,3,LV,24.0,1.18,4500,,1.2,
342,C.J. Ham,RB,3,MIN,31.0,1.06,4500,0.0,2.6,Neutral
343,Andy Janovich,RB,3,CLE,6.0,1.05,4500,,0.3,Neutral
344,Taja√© Sharpe,WR,3,ATL,16.0,1.04,4500,0.0,1.4,Neutral
345,Dede Westbrook,WR,3,MIN,13.0,0.99,4500,0.0,5.8,Neutral
346,Auden Tate,WR,3,CIN,22.0,0.98,4500,0.0,1.2,Neutral
347,Andy Isabella,WR,3,ARI,21.0,0.93,4500,0.0,0.9,
348,Jakob Johnson,RB,3,NE,10.0,0.92,4500,,-1.0,Neutral
349,Dare Ogunbowale,RB,3,JAX,12.0,0.88,4500,0.0,0.0,Neutral
350,Gabe Nabers,RB,3,LAC,30.0,0.86,4500,,2.0,Neutral
351,Chris Evans,RB,3,CIN,4.0,0.85,4500,0.0,1.5,Neutral
352,Dax Milne,WR,3,WAS,3.0,0.81,4500,,-0.5,Neutral
353,Jeff Smith,WR,3,NYJ,12.0,0.81,4500,0.0,2.6,Neutral
354,Jamal Agnew,WR,3,JAX,24.0,0.8,4500,0.0,-1.0,Neutral
355,Penny Hart,WR,3,SEA,31.0,0.8,4500,0.0,0.2,Neutral
356,Jaret Patterson,RB,3,WAS,3.0,0.77,4500,0.0,5.1,Neutral
357,KhaDarel Hodge,WR,3,DET,26.0,0.75,4500,0.0,0.8,
358,Eno Benjamin,RB,3,ARI,29.0,0.75,4500,0.0,0.8,
359,Jake Kumerow,WR,3,BUF,23.0,0.71,4500,0.0,2.6,Neutral
360,Khari Blasingame,RB,3,TEN,13.0,0.66,4500,0.0,2.3,Neutral
361,Khalil Herbert,RB,3,CHI,8.0,0.65,4500,0.0,0.6,
362,Jermar Jefferson,RB,3,DET,20.0,0.65,4500,0.0,0.6,
363,Ray-Ray McCloud,WR,3,PIT,20.0,0.58,4500,0.0,-1.7,Neutral
364,Joshua Kelley,RB,3,LAC,30.0,0.58,4500,0.0,0.6,
365,Ihmir Smith-Marsette,WR,3,MIN,13.0,0.57,4500,,-15.1,Neutral
366,Daurice Fountain,WR,3,KC,1.0,0.52,4500,0.0,0.5,
367,Michael Burton,RB,3,KC,28.0,0.52,4500,0.0,-1.9,Neutral
368,Jaelon Darden,WR,3,TB,6.0,0.52,4500,,0.5,
369,Jordan Wilkins,RB,3,IND,19.0,0.46,4500,0.0,2.7,Neutral
370,Racey McMath,WR,3,TEN,30.0,0.46,4500,,-2.3,Neutral
371,Damarea Crockett,RB,3,DEN,25.0,0.43,4500,0.0,-16.3,Neutral
372,Ke'Shawn Vaughn,RB,3,TB,15.0,0.41,4500,0.0,0.4,
373,Taiwan Jones,RB,3,BUF,7.0,0.34,4500,0.0,0.5,Neutral
374,Cullen Gillaspia,RB,3,NYG,21.0,0.33,4500,0.0,0.3,Neutral
375,Trey Ragas,RB,3,LV,24.0,0.32,4500,0.0,0.3,
376,Qadree Ollison,RB,3,ATL,26.0,0.3,4500,0.0,0.3,
377,Mack Hollins,WR,3,MIA,19.0,0.3,4500,0.0,1.5,Neutral
378,Ben Skowronek,WR,3,LAR,28.0,0.3,4500,,0.3,
379,Laquon Treadwell,WR,3,JAX,24.0,0.29,4500,0.0,0.3,
380,Josh Adams,RB,3,NYJ,2.0,0.28,4500,0.0,0.3,
381,Marcus Kemp,WR,3,KC,1.0,0.27,4500,0.0,3.1,Neutral
382,Cameron Batson,WR,3,TEN,30.0,0.24,4500,0.0,0.2,
383,Derek Watt,RB,3,PIT,9.0,0.24,4500,,-1.3,Neutral
384,Javian Hawkins,RB,3,LAR,17.0,0.24,4500,0.0,0.2,
385,D'Ernest Johnson,RB,3,CLE,6.0,0.23,4500,0.0,-1.1,Neutral
386,Tom Kennedy,WR,3,DET,26.0,0.21,4500,0.0,0.2,
387,Elijhaa Penny,RB,3,NYG,21.0,0.2,4500,0.0,-1.2,Neutral
388,DeMichael Harris,WR,3,IND,32.0,0.19,4500,,0.2,
389,Diontae Spencer,WR,3,DEN,4.0,0.19,4500,0.0,-1.6,Neutral
390,Alex Armah,RB,3,NO,11.0,0.16,4500,0.0,0.2,
391,Nick Bellore,RB,3,SEA,18.0,0.16,4500,0.0,-1.5,Neutral
392,DeAndre Carter,WR,3,WAS,3.0,0.14,4500,0.0,-2.3,Neutral
393,Stanley Morgan,WR,3,CIN,22.0,0.12,4500,0.0,-1.9,Neutral
394,Dwayne Washington,RB,3,NO,11.0,0.1,4500,0.0,-0.8,Neutral
395,Devin Smith,WR,3,JAX,24.0,0.08,4500,0.0,0.1,
396,Collin Johnson,WR,3,NYG,25.0,0.07,4500,0.0,0.1,
397,Nsimba Webster,WR,3,CHI,17.0,0.07,4500,0.0,0.1,
398,Matthew Slater,WR,3,NE,14.0,0.07,4500,0.0,0.7,Neutral
399,Steven Sims,WR,3,PIT,20.0,0.04,4500,0.0,0.0,
400,Jaydon Mickens,WR,3,TB,6.0,0.03,4500,0.0,0.0,
401,Trey Edmunds,RB,3,PIT,9.0,0.03,4500,0.0,0.0,
402,Keelan Doss,WR,3,ATL,16.0,0.02,4500,0.0,0.0,
403,Gehrig Dieter,WR,3,KC,1.0,0.02,4500,0.0,0.0,
404,Jonathan Williams,RB,3,WAS,3.0,0.01,4500,0.0,0.0,
405,Brandon Powell,WR,3,MIA,19.0,0.01,4500,0.0,0.0,
406,Dante Pettis,WR,3,NYG,25.0,0.01,4500,0.0,0.0,
407,Trenton Irwin,WR,3,CIN,22.0,0.01,4500,0.0,0.0,
408,Jaylen Samuels,RB,3,PIT,9.0,0.0,4500,0.0,0.0,
409,Dez Fitzpatrick,WR,3,TEN,30.0,0.0,4500,,0.0,
410,Dalton Schoen,WR,3,WAS,3.0,0.0,4500,,0.0,
411,Aaron Fuller,WR,3,SEA,31.0,0.0,4500,,0.0,
412,Kirk Merritt,WR,3,MIA,19.0,0.0,4500,,0.0,
413,De'Quan Hampton,WR,3,SEA,31.0,0.0,4500,,0.0,
414,David Moore,WR,3,LV,10.0,0.0,4500,0.0,0.0,
415,David Sills V,WR,3,NYG,25.0,0.0,4500,0.0,0.0,
416,Jared Pinkney,TE,3,DET,32.0,0.0,4500,0.0,0.0,
417,Cody Thompson,WR,3,SEA,31.0,0.0,4500,0.0,0.0,
418,Jon'Vea Johnson,WR,3,CHI,17.0,0.0,4500,0.0,0.0,
419,Vyncint Smith,WR,3,NYJ,12.0,0.0,4500,0.0,0.0,
420,Joe Reed,WR,3,LAC,18.0,0.0,4500,0.0,0.0,
421,Mekhi Sargent,RB,3,TEN,13.0,0.0,4500,0.0,2.1,Neutral
422,Bisi Johnson,WR,3,MIN,13.0,0.0,4500,0.0,0.0,
423,Anthony McFarland Jr.,RB,3,PIT,9.0,0.0,4500,0.0,0.0,
424,Trayveon Williams,RB,3,CIN,4.0,0.0,4500,0.0,0.0,
425,Rico Bussey,WR,3,PIT,20.0,0.0,4500,,0.0,
426,Darwin Thompson,RB,3,TB,15.0,0.0,4500,0.0,0.0,
427,Rodney Adams,WR,3,CHI,17.0,0.0,4500,0.0,0.0,
428,Malcolm Perry,RB,3,NE,10.0,0.0,4500,0.0,0.0,
429,Darius Phillips,DB,3,CIN,,0.0,4500,,0.0,
430,Cornell Powell,WR,3,KC,1.0,0.0,4500,,0.0,
431,Marken Michel,WR,3,WAS,3.0,0.0,4500,0.0,0.0,
432,Austin Proehl,WR,3,LAC,18.0,0.0,4500,0.0,0.0,
433,Trent Taylor,WR,3,CIN,22.0,0.0,4500,0.0,0.0,
434,Jerry Jeudy,WR,3,DEN,4.0,0.0,4500,0.0,0.0,
435,Antoine Wesley,WR,3,ARI,21.0,0.0,4500,0.0,0.0,
436,Kawaan Baker,WR,3,NO,7.0,0.0,4500,,0.0,
437,Josh Johnson,RB,3,SEA,18.0,0.0,4500,0.0,0.0,
438,Cade Johnson,WR,3,SEA,31.0,0.0,4500,,0.0,
439,Austin Trammell,WR,3,ATL,16.0,0.0,4500,,0.0,
440,Patrick Laird,RB,3,MIA,22.0,0.0,4500,0.0,0.0,
441,Mike Boone,RB,3,DEN,25.0,0.0,4500,0.0,0.0,
442,Cody White,WR,3,PIT,20.0,0.0,4500,,0.0,
443,Jordan Glasgow,LB,3,IND,,0.0,4500,,0.0,
444,Darrynton Evans,RB,3,TEN,13.0,0.0,4500,,0.0,
445,Whop Philyor,WR,3,MIN,13.0,0.0,4500,,0.0,
446,DaeSean Hamilton,WR,3,DEN,4.0,0.0,4500,0.0,0.0,
447,Pooka Williams Jr.,RB,3,CIN,4.0,0.0,4500,0.0,0.0,
448,Jalen Richard,RB,3,LV,24.0,0.0,4500,0.0,0.0,
449,Trishton Jackson,WR,3,MIN,13.0,0.0,4500,0.0,0.0,
450,Isaiah Hodgins,WR,3,BUF,23.0,0.0,4500,,0.0,
451,Dan Chisena,WR,3,MIN,13.0,0.0,4500,,0.0,
452,Deon Jackson,RB,3,IND,19.0,0.0,4500,0.0,0.0,
453,Tyler Vaughns,WR,3,PIT,20.0,0.0,4500,,0.0,
454,Isaiah Ford,WR,3,MIA,19.0,0.0,4500,0.0,0.0,
455,Michael Bandy,WR,3,LAC,18.0,0.0,4500,,0.0,
456,Caleb Huntley,RB,3,ATL,26.0,0.0,4500,0.0,0.0,
457,Justin Hardee,DB,3,NYJ,,0.0,4500,,0.0,
458,Lynn Bowden Jr.,WR,3,MIA,19.0,0.0,4500,,0.0,
459,Antonio Williams,RB,3,BUF,7.0,0.0,4500,0.0,0.0,
460,Ryan Becker,TE,3,ATL,29.0,0.0,4500,0.0,0.0,
461,Justin Watson,WR,3,TB,6.0,0.0,4500,0.0,0.0,
462,Cam Akers,RB,3,LAR,17.0,0.0,4500,0.0,0.0,
463,Allen Hurns,WR,3,MIA,19.0,0.0,4500,0.0,0.0,
464,Phillip Dorsett II,WR,3,JAX,24.0,0.0,4500,0.0,0.0,
465,John Hurst,WR,3,TB,6.0,0.0,4500,,0.0,
466,Kristian Wilkerson,WR,3,NE,14.0,0.0,4500,,0.0,
467,Isaiah Coulter,WR,3,CHI,17.0,0.0,4500,,0.0,
468,Mason Kinsey,WR,3,TEN,30.0,0.0,4500,,0.0,
469,Matt Cole,WR,3,NYG,25.0,0.0,4500,,0.0,
470,Gus Edwards,RB,3,BAL,32.0,0.0,4500,0.0,0.0,
471,A.J. Rose Jr.,RB,3,MIN,31.0,0.0,4500,0.0,0.0,
472,JoJo Natson,WR,3,CLE,29.0,0.0,4500,0.0,0.0,
473,J.J. Koski,WR,3,LAR,28.0,0.0,4500,,0.0,
474,Juwan Green,WR,3,ATL,16.0,0.0,4500,,0.0,
475,Devin Gray,WR,3,BAL,15.0,0.0,4500,0.0,0.0,
476,Sandro Platzgummer,RB,3,NYG,21.0,0.0,4500,0.0,0.0,
477,Rysen John,TE,3,NYG,31.0,0.0,4500,,0.0,
478,Gerrid Doaks,RB,3,MIA,22.0,0.0,4500,0.0,0.0,
479,Tarik Black,WR,3,IND,32.0,0.0,4500,,0.0,
480,Tanner Gentry,WR,3,BUF,23.0,0.0,4500,0.0,0.0,
481,Ben Mason,RB,3,NE,10.0,0.0,4500,0.0,0.0,
482,Jeff Cotton,WR,3,JAX,24.0,0.0,4500,,0.0,
483,Jaylon Moore,WR,3,BAL,15.0,0.0,4500,,0.0,
484,Miles Boykin,WR,3,BAL,15.0,0.0,4500,0.0,0.0,
485,De'Mornay Pierson-El,WR,3,DEN,4.0,0.0,4500,0.0,0.0,
486,Geronimo Allison,WR,3,DET,26.0,0.0,4500,0.0,0.0,
487,Tre Nixon,WR,3,NE,14.0,0.0,4500,,0.0,
488,J.J. Nelson,WR,3,IND,32.0,0.0,4500,0.0,0.0,
489,Dazz Newsome,WR,3,CHI,17.0,0.0,4500,,0.0,
490,Javon McKinley,WR,3,DET,26.0,0.0,4500,,0.0,
491,Andre Baccellia,WR,3,ARI,21.0,0.0,4500,,0.0,
492,Blake Lynch,LB,3,MIN,,0.0,4500,,0.0,
493,Levante Bellamy,RB,3,DEN,25.0,0.0,4500,0.0,0.0,
494,Davion Davis,WR,3,CLE,29.0,0.0,4500,0.0,0.0,
495,Binjimen Victor,WR,3,BAL,15.0,0.0,4500,0.0,0.0,
496,Marcus Johnson,WR,3,TEN,30.0,0.0,4500,0.0,0.0,
497,Kene Nwangwu,RB,3,MIN,31.0,0.0,4500,,0.0,
498,Connor Wedington,WR,3,SEA,31.0,0.0,4500,,0.0,
499,Nathan Cottrell,RB,3,JAX,12.0,0.0,4500,0.0,0.0,
500,Marquez Stevenson,WR,3,BUF,23.0,0.0,4500,,0.0,
501,Seth Williams,WR,3,DEN,4.0,0.0,4500,,0.0,
502,Myron Mitchell,WR,3,MIN,13.0,0.0,4500,,0.0,
503,Kevin White,WR,3,NO,7.0,0.0,4500,0.0,0.0,
504,Easop Winston Jr.,WR,3,NO,7.0,0.0,4500,0.0,0.0,
505,Devine Ozigbo,RB,3,JAX,12.0,0.0,4500,0.0,0.0,
506,Josh Hammond,WR,3,JAX,24.0,0.0,4500,,0.0,
507,Tyrie Cleveland,WR,3,DEN,4.0,0.0,4500,0.0,0.0,
508,Adam Prentice,RB,3,NO,11.0,0.0,4500,0.0,0.0,
509,Tory Carter,RB,3,TEN,13.0,0.0,4500,,0.0,
510,Landen Akers,WR,3,LAR,28.0,0.0,4500,,0.0,
511,Ryan Nall,RB,3,CHI,8.0,0.0,4500,0.0,0.0,
512,Ryan Switzer,WR,3,CLE,29.0,0.0,4500,0.0,0.0,
513,J.K. Dobbins,RB,3,BAL,32.0,0.0,4500,0.0,0.0,
514,Quartney Davis,WR,3,IND,32.0,0.0,4500,,0.0,
515,Dezmon Patmon,WR,3,IND,32.0,0.0,4500,,0.0,
516,Jaylinn Hawkins,DB,3,ATL,,0.0,4500,,0.0,
517,Josh Doctson,WR,3,ARI,21.0,0.0,4500,0.0,0.0,
518,Maurice Ffrench,WR,3,LAC,18.0,0.0,4500,,0.0,
519,Tavon Austin,WR,3,JAX,24.0,0.0,4500,0.0,0.0,
520,Dillon Stoner,WR,3,LV,10.0,0.0,4500,,0.0,
521,Justice Hill,RB,3,BAL,32.0,0.0,4500,0.0,0.0,
522,Travis Etienne Jr.,RB,3,JAX,12.0,0.0,4500,0.0,0.0,
523,Jason Moore Jr.,WR,3,LAC,18.0,0.0,4500,0.0,0.0,
524,Terry Godwin,WR,3,JAX,24.0,0.0,4500,0.0,0.0,
525,Greg Dortch,WR,3,ARI,21.0,0.0,4500,0.0,0.0,
526,Tre Harbison,RB,3,CLE,6.0,0.0,4500,0.0,0.0,
527,Craig Reynolds,RB,3,DET,20.0,0.0,4500,0.0,0.0,
528,John Ursua,WR,3,SEA,31.0,0.0,4500,0.0,0.0,
529,D.J. Turner,WR,3,LV,10.0,0.0,4500,,0.0,
530,John Kelly,RB,3,CLE,6.0,0.0,4500,0.0,0.0,
531,Baltimore Ravens,DST,3,BAL,,8.8,4400,6.5,8.8,
532,Adam Trautman,TE,3,NO,2.0,4.47,4400,1.0,3.7,Neutral
533,Durham Smythe,TE,3,MIA,6.0,2.0,4400,0.0,6.3,Neutral
534,Ricky Seals-Jones,TE,3,WAS,12.0,0.9,4400,0.0,-1.9,Neutral
535,New Orleans Saints,DST,3,NO,,8.4,4300,6.9,8.4,
536,Chris Manhertz,TE,3,JAX,3.0,2.49,4300,0.0,1.1,Neutral
537,Chris Herndon,TE,3,MIN,10.0,2.16,4300,0.0,0.6,Neutral
538,Cameron Brate,TE,3,TB,19.0,1.9,4300,0.0,1.9,
539,Darren Fells,TE,3,DET,32.0,1.52,4300,0.0,1.1,Neutral
540,Cleveland Browns,DST,3,CLE,,8.7,4200,10.0,8.7,
541,Will Dissly,TE,3,SEA,16.0,3.62,4200,2.0,6.8,Neutral
542,Geoff Swaim,TE,3,TEN,15.0,2.52,4200,0.0,4.8,Neutral
543,Kaden Smith,TE,3,NYG,31.0,1.76,4200,0.0,1.6,Neutral
544,Drew Sample,TE,3,CIN,25.0,1.38,4200,0.0,-4.2,Neutral
545,Jesse James,TE,3,CHI,26.0,0.52,4200,0.0,0.5,
546,Nick Boyle,TE,3,BAL,22.0,0.0,4200,0.0,0.0,
547,Buffalo Bills,DST,3,BUF,,9.2,4100,10.5,9.2,
548,Chicago Bears,DST,3,CHI,,6.8,4100,1.5,6.8,
549,Donald Parham Jr.,TE,3,LAC,21.0,2.76,4100,0.0,1.9,Neutral
550,Josh Oliver,TE,3,BAL,22.0,1.93,4100,0.0,1.9,
551,Tommy Sweeney,TE,3,BUF,14.0,1.17,4100,0.0,1.3,Neutral
552,Blake Bell,TE,3,KC,17.0,0.96,4100,0.0,4.3,Neutral
553,Devin Asiasi,TE,3,NE,11.0,0.81,4100,0.0,0.8,
554,Jacob Harris,TE,3,LAR,18.0,0.58,4100,0.0,0.6,
555,Lee Smith,TE,3,ATL,29.0,0.4,4100,0.0,1.9,Neutral
556,Trevon Wesco,TE,3,NYJ,4.0,0.38,4100,0.0,3.2,Neutral
557,Adam Shaheen,TE,3,MIA,6.0,0.29,4100,0.0,0.3,
558,Las Vegas Raiders,DST,3,LV,,7.3,4000,7.0,7.3,
559,Los Angeles Rams,DST,3,LAR,,7.3,4000,0.5,7.3,
560,MyCole Pruitt,TE,3,TEN,15.0,3.73,4000,0.0,0.7,Neutral
561,Ryan Griffin,TE,3,NYJ,4.0,2.63,4000,,-1.5,Neutral
562,Luke Farrell,TE,3,JAX,3.0,2.48,4000,0.0,-0.1,Neutral
563,Eric Saubert,TE,3,DEN,13.0,1.84,4000,0.0,1.6,Neutral
564,Demetrius Harris,TE,3,ARI,23.0,1.71,4000,0.0,1.7,
565,Stephen Anderson,TE,3,LAC,21.0,1.48,4000,0.0,0.5,Neutral
566,Noah Gray,TE,3,KC,17.0,0.87,4000,0.0,-3.9,Neutral
567,Derek Carrier,TE,3,LV,20.0,0.8,4000,0.0,0.8,
568,Tommy Hudson,TE,3,TEN,15.0,0.64,4000,0.0,0.6,
569,Ben Ellefson,TE,3,MIN,10.0,0.62,4000,0.0,0.6,
570,Jacob Hollister,TE,3,JAX,3.0,0.58,4000,0.0,0.6,
571,Kylen Granson,TE,3,IND,1.0,0.58,4000,0.0,-8.5,Neutral
572,Brycen Hopkins,TE,3,LAR,18.0,0.55,4000,0.0,0.6,
573,Hunter Long,TE,3,MIA,6.0,0.55,4000,0.0,0.6,
574,Tre' McKitty,TE,3,LAC,21.0,0.52,4000,0.0,0.5,
575,John Bates,TE,3,WAS,12.0,0.51,4000,0.0,5.2,Neutral
576,Cethan Carter,TE,3,MIA,6.0,0.47,4000,0.0,0.3,Neutral
577,Reggie Gilliam,TE,3,BUF,14.0,0.45,4000,0.0,4.8,Neutral
578,Darrell Daniels,TE,3,ARI,23.0,0.35,4000,0.0,-0.1,Neutral
579,J.P. Holtz,TE,3,CHI,26.0,0.33,4000,0.0,0.3,
580,Jody Fortson,WR,3,KC,1.0,0.31,4000,0.0,-3.7,Neutral
581,Andrew Beck,TE,3,DEN,13.0,0.27,4000,0.0,0.3,
582,Johnny Mundt,TE,3,LAR,18.0,0.26,4000,0.0,0.3,
583,Zach Gentry,TE,3,PIT,5.0,0.25,4000,0.0,-0.3,Neutral
584,Garrett Griffin,TE,3,NO,2.0,0.14,4000,0.0,-5.6,Neutral
585,Daniel Brown,TE,3,NYJ,4.0,0.13,4000,0.0,1.3,Neutral
586,Eric Tomlinson,TE,3,BAL,22.0,0.08,4000,0.0,0.1,
587,Nick Bowers,TE,3,LV,20.0,0.05,4000,0.0,0.0,
588,Brandon Dillon,TE,3,MIN,10.0,0.05,4000,0.0,0.0,
589,Jesper Horsted,TE,3,CHI,26.0,0.05,4000,0.0,0.0,
590,Sammis Reyes,TE,3,WAS,12.0,0.01,4000,0.0,0.0,
591,Deon Yelder,TE,3,TB,19.0,0.01,4000,0.0,0.0,
592,Quintin Morris,TE,3,BUF,14.0,0.0,4000,0.0,0.0,
593,Shaun Beyer,TE,3,DEN,13.0,0.0,4000,0.0,0.0,
594,Briley Moore,TE,3,TEN,15.0,0.0,4000,0.0,0.0,
595,Zach Davidson,TE,3,MIN,10.0,0.0,4000,0.0,0.0,
596,Bernhard Seikovits,TE,3,ARI,23.0,0.0,4000,0.0,0.0,
597,Matt Bushman,TE,3,LV,20.0,0.0,4000,0.0,0.0,
598,Kahale Warring,TE,3,BUF,14.0,0.0,4000,0.0,0.0,
599,Shane Zylstra,TE,3,DET,32.0,0.0,4000,0.0,0.0,
600,Tyler Mabry,TE,3,SEA,16.0,0.0,4000,0.0,6.1,Neutral
601,Mason Schreck,TE,3,CIN,25.0,0.0,4000,0.0,0.0,
602,Jaeden Graham,TE,3,ATL,29.0,0.0,4000,0.0,0.0,
603,Codey McElroy,TE,3,TB,19.0,0.0,4000,0.0,0.0,
604,Dylan Cantrell,TE,3,WAS,12.0,0.0,4000,0.0,0.0,
605,Kendall Blanton,TE,3,LAR,18.0,0.0,4000,0.0,0.0,
606,Hunter Bryant,TE,3,DET,32.0,0.0,4000,0.0,0.0,
607,Austin Fort,TE,3,TEN,15.0,0.0,4000,0.0,0.0,
608,Brock Wright,TE,3,DET,32.0,0.0,4000,0.0,0.0,
609,John Raine,TE,3,ATL,29.0,0.0,4000,0.0,0.0,
610,Kenny Yeboah,TE,3,NYJ,4.0,0.0,4000,0.0,0.0,
611,Matt Sokol,TE,3,JAX,3.0,0.0,4000,0.0,0.0,
612,Irv Smith Jr.,TE,3,MIN,10.0,0.0,4000,0.0,0.0,
613,Matt LaCosse,TE,3,NE,11.0,0.0,4000,0.0,0.0,
614,Levine Toilolo,TE,3,NYG,31.0,0.0,4000,0.0,0.0,
615,Farrod Green,TE,3,IND,1.0,0.0,4000,0.0,0.0,
616,Parker Hesse,TE,3,ATL,29.0,0.0,4000,0.0,-5.9,Neutral
617,Ethan Wolf,TE,3,NO,2.0,0.0,4000,0.0,0.0,
618,Kevin Rader,TE,3,PIT,5.0,0.0,4000,0.0,0.0,
619,Connor Davis,TE,3,CLE,8.0,0.0,4000,0.0,0.0,
620,Thaddeus Moss,TE,3,CIN,25.0,0.0,4000,0.0,0.0,
621,Tony Poljan,TE,3,BAL,22.0,0.0,4000,0.0,0.0,
622,Jake Hausmann,TE,3,NYG,31.0,0.0,4000,0.0,0.0,
623,Colby Parkinson,TE,3,SEA,16.0,0.0,4000,0.0,0.0,
624,Dylan Soehner,TE,3,NO,2.0,0.0,4000,0.0,0.0,
625,Hunter Kampmoyer,TE,3,LAC,21.0,0.0,4000,0.0,0.0,
626,Jake Bargas,RB,3,MIN,31.0,0.0,4000,,0.0,
627,Stephen Carlson,TE,3,CLE,8.0,0.0,4000,0.0,0.0,
628,Chris Myarick,TE,3,NYG,31.0,0.0,4000,0.0,0.0,
629,Mitchell Wilcox,TE,3,CIN,25.0,0.0,4000,0.0,-2.3,Neutral
630,Ross Travis,TE,3,ARI,23.0,0.0,4000,0.0,0.0,
631,Charlie Taumoepeau,TE,3,DET,32.0,0.0,4000,0.0,0.0,
632,Troy Fumagalli,TE,3,NE,11.0,0.0,4000,0.0,0.0,
633,Miller Forristall,TE,3,CLE,8.0,0.0,4000,0.0,0.0,
634,Nick Vannett,TE,3,NO,2.0,0.0,4000,0.0,0.0,
635,Dalton Keene,TE,3,NE,11.0,0.0,4000,0.0,0.0,
636,Jordan Franks,TE,3,CLE,8.0,0.0,4000,0.0,0.0,
637,Danny Pinter,TE,3,IND,,,4000,,,
638,Patrick Scales,TE,3,CHI,,,4000,,,
639,Andrew DePaola,TE,3,MIN,,,4000,,,
640,James Winchester,TE,3,KC,,,4000,,,
641,Clark Harris,TE,3,CIN,,,4000,,,
642,Tyler Ott,TE,3,SEA,,,4000,,,
643,Matthew Orzech,TE,3,LAR,,,4000,,,
644,New York Giants,DST,3,NYG,,7.3,3900,2.5,7.3,
645,Tampa Bay Buccaneers,DST,3,TB,,7.2,3900,1.5,7.2,
646,Miami Dolphins,DST,3,MIA,,7.7,3800,2.5,7.7,
647,Indianapolis Colts,DST,3,IND,,6.7,3800,0.5,6.7,
648,Kansas City Chiefs,DST,3,KC,,8.0,3700,1.5,8.0,
649,Washington Football Team,DST,3,WAS,,6.8,3700,1.5,6.8,
650,Seattle Seahawks,DST,3,SEA,,7.2,3600,1.5,7.2,
651,Atlanta Falcons,DST,3,ATL,,7.4,3500,2.5,7.4,
652,Minnesota Vikings,DST,3,MIN,,6.9,3500,0.0,6.9,
653,Cincinnati Bengals,DST,3,CIN,,5.7,3400,3.0,5.7,
654,Los Angeles Chargers,DST,3,LAC,,4.1,3300,0.5,4.1,
655,New York Jets,DST,3,NYJ,,6.4,3200,5.0,6.4,
656,Jacksonville Jaguars,DST,3,JAX,,4.7,3100,1.0,4.7,
657,Detroit Lions,DST,3,DET,,4.8,3000,1.0,4.8,
