,Name,Position,Week,Team,OPRNK,Salary,Percentage,Predictions
0,Christian McCaffrey,RB,2,CAR,3.0,10000,0.1,19.5
1,Dalvin Cook,RB,2,MIN,10.0,9200,12.1,18.0
2,Alvin Kamara,RB,2,NO,5.0,8800,21.2,18.4
3,Kyler Murray,QB,2,ARI,14.0,8700,11.5,26.4
4,Russell Wilson,QB,2,SEA,32.0,8500,8.3,24.7
5,DeAndre Hopkins,WR,2,ARI,24.0,8500,0.1,16.9
6,Nick Chubb,RB,2,CLE,10.0,8400,15.3,18.0
7,Tom Brady,QB,2,TB,28.0,8200,6.3,25.0
8,Josh Allen,QB,2,BUF,8.0,8100,10.5,22.1
9,Josh Allen,QB,2,BUF,8.0,8100,10.5,19.5
10,Dak Prescott,QB,2,DAL,3.0,8000,10.1,22.3
11,Derrick Henry,RB,2,TEN,21.0,8000,11.1,14.9
12,Chris Godwin,WR,2,TB,17.0,8000,9.9,14.4
13,Jalen Hurts,QB,2,PHI,29.0,7800,6.5,22.8
14,Joe Mixon,RB,2,CIN,15.0,7800,12.1,15.8
15,Amari Cooper,WR,2,DAL,2.0,7800,10.3,16.2
16,Jameis Winston,QB,2,NO,12.0,7700,1.1,19.9
17,Calvin Ridley,WR,2,ATL,31.0,7700,12.3,12.9
18,Justin Herbert,QB,2,LAC,26.0,7600,12.7,21.5
19,Adam Thielen,WR,2,MIN,8.0,7600,2.4,14.3
20,Matthew Stafford,QB,2,LAR,24.0,7500,3.2,20.9
21,Stefon Diggs,WR,2,BUF,5.0,7500,17.3,14.2
22,Ezekiel Elliott,RB,2,DAL,9.0,7500,9.2,12.2
23,Kirk Cousins,QB,2,MIN,7.0,7400,1.0,19.0
24,Keenan Allen,WR,2,LAC,27.0,7400,15.2,14.1
25,Ryan Tannehill,QB,2,TEN,13.0,7300,4.1,18.4
26,Justin Jefferson,WR,2,MIN,8.0,7300,7.0,12.9
27,David Montgomery,RB,2,CHI,19.0,7300,8.2,15.2
28,Ben Roethlisberger,QB,2,PIT,11.0,7200,2.2,17.7
29,Tyler Lockett,WR,2,SEA,32.0,7200,14.3,15.4
30,Jonathan Taylor,RB,2,IND,23.0,7200,8.0,14.2
31,Allen Robinson II,WR,2,CHI,29.0,7200,5.3,12.0
32,Baker Mayfield,QB,2,CLE,16.0,7100,3.3,18.8
33,Joe Burrow,QB,2,CIN,23.0,7100,2.1,18.8
34,A.J. Brown,WR,2,TEN,15.0,7100,12.3,13.4
35,Teddy Bridgewater,QB,2,DEN,22.0,7000,2.1,19.1
36,Austin Ekeler,RB,2,LAC,4.0,7000,18.1,14.9
37,DK Metcalf,WR,2,SEA,32.0,7000,13.3,14.6
38,Darren Waller,TE,2,LV,10.0,7000,16.5,13.8
39,Trevor Lawrence,QB,2,JAX,19.0,6900,1.2,18.5
40,Deebo Samuel,WR,2,SF,1.0,6900,8.9,14.3
41,Mac Jones,QB,2,NE,15.0,6800,1.1,16.8
42,Tyrod Taylor,QB,2,HOU,31.0,6800,1.0,17.5
43,CeeDee Lamb,WR,2,DAL,2.0,6800,15.3,13.9
44,Jarvis Landry,WR,2,CLE,26.0,6800,8.9,12.6
45,Carson Wentz,QB,2,IND,5.0,6700,1.1,16.9
46,Matt Ryan,QB,2,ATL,27.0,6700,3.1,15.4
47,Chris Carson,RB,2,SEA,17.0,6700,18.2,15.1
48,Mike Evans,WR,2,TB,17.0,6700,7.3,11.3
49,George Kittle,TE,2,SF,16.0,6700,15.6,11.6
50,DJ Moore,WR,2,CAR,4.0,6700,3.9,11.8
51,Sam Darnold,QB,2,CAR,1.0,6600,1.0,17.2
52,Tua Tagovailoa,QB,2,MIA,4.0,6600,1.0,16.9
53,Jimmy Garoppolo,QB,2,SF,2.0,6600,1.0,16.0
54,Diontae Johnson,WR,2,PIT,12.0,6600,4.3,12.1
55,Brandin Cooks,WR,2,HOU,20.0,6600,1.4,11.6
56,Derek Carr,QB,2,LV,10.0,6500,1.0,18.0
57,Andy Dalton,QB,2,CHI,21.0,6500,1.0,15.3
58,Zach Wilson,QB,2,NYJ,9.0,6500,1.1,16.6
59,Robert Woods,WR,2,LAR,28.0,6500,5.4,11.6
60,Josh Jacobs,RB,2,LV,8.0,6500,0.1,3.0
61,Deshaun Watson,QB,2,HOU,31.0,6500,,0.0
62,Darrell Henderson Jr.,RB,2,LAR,12.0,6400,6.1,12.9
63,Antonio Brown,WR,2,TB,17.0,6400,4.9,13.6
64,Corey Davis,WR,2,NYJ,6.0,6400,2.4,12.9
65,Trey Lance,QB,2,SF,2.0,6400,,2.5
66,Justin Fields,QB,2,CHI,21.0,6400,,2.4
67,Taysom Hill,QB,2,NO,12.0,6400,0.0,2.7
68,Miles Sanders,RB,2,PHI,31.0,6300,4.0,13.6
69,Julio Jones,WR,2,TEN,15.0,6300,4.9,10.3
70,Robby Anderson,WR,2,CAR,4.0,6300,3.9,10.0
71,Drew Lock,QB,2,DEN,22.0,6300,,1.0
72,Mitchell Trubisky,QB,2,BUF,8.0,6300,,0.4
73,Jacoby Brissett,QB,2,MIA,4.0,6300,,0.4
74,Joe Flacco,QB,2,PHI,29.0,6300,,0.2
75,Cooper Kupp,WR,2,LAR,28.0,6200,18.8,14.1
76,Damien Harris,RB,2,NE,20.0,6200,10.2,12.2
77,Courtland Sutton,WR,2,DEN,16.0,6200,2.4,9.4
78,Brandon Allen,QB,2,CIN,23.0,6200,,0.9
79,Case Keenum,QB,2,CLE,16.0,6200,,0.3
80,Jacob Eason,QB,2,IND,5.0,6200,,0.2
81,Gardner Minshew,QB,2,PHI,29.0,6200,,0.2
82,AJ McCarron,QB,2,ATL,27.0,6200,,0.0
83,Marcus Mariota,QB,2,LV,10.0,6200,,0.0
84,Najee Harris,RB,2,PIT,28.0,6100,26.9,13.7
85,Marvin Jones Jr.,WR,2,JAX,23.0,6100,0.5,11.2
86,Chase Daniel,QB,2,LAC,26.0,6100,,0.4
87,Mason Rudolph,QB,2,PIT,11.0,6100,,0.3
88,John Wolford,QB,2,LAR,24.0,6100,,0.3
89,Geno Smith,QB,2,SEA,32.0,6100,,0.3
90,P.J. Walker,QB,2,CAR,1.0,6100,,0.3
91,Chris Streveler,QB,2,ARI,14.0,6100,,0.0
92,Tee Higgins,WR,2,CIN,30.0,6000,2.4,12.0
93,Chase Edmonds,RB,2,ARI,26.0,6000,13.2,11.8
94,JuJu Smith-Schuster,WR,2,PIT,12.0,6000,3.4,10.2
95,DJ Chark Jr.,WR,2,JAX,23.0,6000,2.3,11.0
96,Dwayne Haskins,QB,2,PIT,11.0,6000,,0.5
97,Colt McCoy,QB,2,ARI,14.0,6000,,0.4
98,Kyle Trask,QB,2,TB,28.0,6000,,0.4
99,Blaine Gabbert,QB,2,TB,28.0,6000,,0.4
100,Josh Rosen,QB,2,ATL,27.0,6000,,0.3
101,Cooper Rush,QB,2,DAL,3.0,6000,,0.3
102,Nathan Peterman,QB,2,LV,10.0,6000,,0.3
103,Kellen Mond,QB,2,MIN,7.0,6000,,0.2
104,C.J. Beathard,QB,2,JAX,19.0,6000,,0.2
105,Trevor Siemian,QB,2,NO,12.0,6000,,0.2
106,Logan Woodside,QB,2,TEN,13.0,6000,,0.2
107,Davis Mills,QB,2,HOU,31.0,6000,,0.2
108,Feleipe Franks,QB,2,ATL,27.0,6000,,0.2
109,Sean Mannion,QB,2,MIN,7.0,6000,,0.2
110,Ian Book,QB,2,NO,12.0,6000,,0.2
111,Brian Hoyer,QB,2,NE,15.0,6000,,0.1
112,Darius Bradwell,RB,2,LAC,4.0,6000,,0.0
113,Josh Thomas,DB,2,BUF,,6000,,0.0
114,Sam Ehlinger,QB,2,IND,5.0,6000,,0.0
115,Nick Mullens,QB,2,CLE,16.0,6000,,0.0
116,Odell Beckham Jr.,WR,2,CLE,26.0,6000,0.0,0.0
117,Davis Webb,QB,2,BUF,8.0,6000,,0.0
118,Matt Barkley,QB,2,TEN,13.0,6000,,0.0
119,Ryan Griffin,QB,2,TB,28.0,6000,0.0,1.9
120,Travis Jonsen,WR,2,TB,17.0,6000,,0.0
121,Will Grier,QB,2,DAL,3.0,6000,,0.0
122,Kyle Lauletta,QB,2,JAX,19.0,6000,,0.0
123,Nate Sudfeld,QB,2,SF,2.0,6000,,0.0
124,Brett Hundley,QB,2,IND,5.0,6000,,0.0
125,Reid Sinnett,QB,2,MIA,4.0,6000,,0.0
126,Bryce Perkins,QB,2,LAR,24.0,6000,,0.0
127,Easton Stick,QB,2,LAC,26.0,6000,,0.0
128,Garrett Gilbert,QB,2,NE,15.0,6000,,0.0
129,Jake Browning,QB,2,CIN,23.0,6000,,0.0
130,Joshua Dobbs,QB,2,PIT,11.0,6000,,0.0
131,Jake Fromm,QB,2,BUF,8.0,6000,,0.0
132,Nick Foles,QB,2,CHI,21.0,6000,,0.0
133,Jarrett Stidham,QB,2,NE,15.0,6000,,0.0
134,Jeff Driskel,QB,2,HOU,31.0,6000,,0.0
135,Kendall Hinton,WR,2,DEN,16.0,6000,,0.0
136,Jake Luton,QB,2,SEA,32.0,6000,,0.0
137,Brett Rypien,QB,2,DEN,22.0,6000,,0.0
138,James Morgan,QB,2,CAR,1.0,6000,,0.0
139,Michael Thomas,WR,2,NO,22.0,6000,0.0,0.0
140,Ben DiNucci,QB,2,DAL,3.0,6000,,0.0
141,Melvin Gordon III,RB,2,DEN,30.0,5900,2.0,13.9
142,Chase Claypool,WR,2,PIT,12.0,5900,2.4,10.7
143,Leonard Fournette,RB,2,TB,25.0,5900,3.0,10.4
144,Brandon Aiyuk,WR,2,SF,1.0,5900,2.9,6.6
145,Elijah Mitchell,RB,2,SF,18.0,5800,0.0,12.5
146,DeVante Parker,WR,2,MIA,10.0,5800,1.4,10.0
147,Nelson Agholor,WR,2,NE,14.0,5800,0.0,10.5
148,Rob Gronkowski,TE,2,TB,27.0,5800,2.8,12.0
149,Dallas Goedert,TE,2,PHI,30.0,5800,3.0,9.3
150,Myles Gaskin,RB,2,MIA,2.0,5700,2.0,11.8
151,Kareem Hunt,RB,2,CLE,10.0,5700,5.1,11.9
152,Tyler Boyd,WR,2,CIN,30.0,5700,1.9,8.8
153,Noah Fant,TE,2,DEN,18.0,5700,8.5,9.2
154,Marquez Callaway,WR,2,NO,22.0,5700,3.9,7.7
155,William Fuller V,WR,2,MIA,10.0,5700,0.9,0.0
156,Mike Williams,WR,2,LAC,27.0,5600,6.7,12.1
157,DeVonta Smith,WR,2,PHI,7.0,5600,5.3,11.3
158,Laviska Shenault Jr.,WR,2,JAX,23.0,5600,2.9,9.3
159,Tyler Higbee,TE,2,LAR,23.0,5600,12.7,8.8
160,Christian Kirk,WR,2,ARI,24.0,5600,0.0,11.0
161,Devin Singletary,RB,2,BUF,16.0,5600,3.1,8.9
162,Mark Ingram II,RB,2,HOU,6.0,5600,3.1,8.1
163,Ja'Marr Chase,WR,2,CIN,30.0,5500,19.4,12.1
164,Mike Davis,RB,2,ATL,7.0,5500,4.0,10.2
165,Kenyan Drake,RB,2,LV,8.0,5500,2.0,10.2
166,James Robinson,RB,2,JAX,1.0,5500,2.2,9.7
167,Jakobi Meyers,WR,2,NE,14.0,5500,7.3,9.5
168,Kyle Pitts,TE,2,ATL,17.0,5500,8.3,8.4
169,Jaylen Waddle,WR,2,MIA,10.0,5500,4.9,10.0
170,Darnell Mooney,WR,2,CHI,29.0,5500,1.0,8.3
171,Javonte Williams,RB,2,DEN,30.0,5500,3.0,8.5
172,KJ Hamler,WR,2,DEN,16.0,5500,1.0,7.5
173,James Conner,RB,2,ARI,26.0,5500,3.1,8.0
174,Henry Ruggs III,WR,2,LV,18.0,5500,1.0,6.6
175,Jamison Crowder,WR,2,NYJ,6.0,5500,1.0,6.6
176,Trey Sermon,RB,2,SF,18.0,5500,0.5,4.6
177,Tre'Quan Smith,WR,2,NO,22.0,5500,1.0,0.0
178,Cole Beasley,WR,2,BUF,5.0,5400,4.4,9.5
179,Tim Patrick,WR,2,DEN,16.0,5400,2.0,9.0
180,Jared Cook,TE,2,LAC,32.0,5400,2.7,8.4
181,Deonte Harris,WR,2,NO,22.0,5400,0.5,8.1
182,Carlos Hyde,RB,2,JAX,1.0,5400,0.5,6.4
183,Jonnu Smith,TE,2,NE,7.0,5300,2.7,7.4
184,Ronald Jones II,RB,2,TB,25.0,5300,2.0,6.9
185,A.J. Green,WR,2,ARI,24.0,5300,4.9,6.9
186,A.J. Green,WR,2,ARI,24.0,5300,4.9,6.3
187,Damien Williams,RB,2,CHI,19.0,5300,1.0,7.0
188,Mike Gesicki,TE,2,MIA,10.0,5300,1.0,5.2
189,DeSean Jackson,WR,2,LAR,28.0,5300,1.0,4.8
190,David Johnson,RB,2,HOU,6.0,5300,1.0,5.8
191,Sony Michel,RB,2,LAR,12.0,5300,1.0,4.2
192,Michael Pittman Jr.,WR,2,IND,3.0,5200,3.9,7.9
193,Jalen Reagor,WR,2,PHI,7.0,5200,1.0,9.1
194,Austin Hooper,TE,2,CLE,26.0,5200,1.8,7.4
195,Russell Gage,WR,2,ATL,31.0,5200,1.0,6.1
196,Dawson Knox,TE,2,BUF,21.0,5200,1.0,5.8
197,Cordarrelle Patterson,RB,2,ATL,7.0,5200,2.4,5.2
198,Zack Moss,RB,2,BUF,16.0,5200,0.0,4.4
199,Emmanuel Sanders,WR,2,BUF,5.0,5100,4.9,8.3
200,Zach Pascal,WR,2,IND,3.0,5100,4.9,9.6
201,Nyheim Hines,RB,2,IND,23.0,5100,1.0,9.0
202,Cole Kmet,TE,2,CHI,10.0,5100,3.6,7.5
203,Hunter Henry,TE,2,NE,7.0,5100,1.0,6.5
204,Juwan Johnson,TE,2,NO,13.0,5100,0.5,6.6
205,Damiere Byrd,WR,2,CHI,29.0,5100,1.0,4.2
206,New England Patriots,DST,2,NE,,5000,0.0,8.9
207,Elijah Moore,WR,2,NYJ,6.0,5000,0.0,6.1
208,Gerald Everett,TE,2,SEA,1.0,5000,5.7,7.3
209,Hunter Renfrow,WR,2,LV,18.0,5000,1.5,7.0
210,Tyler Conklin,TE,2,MIN,4.0,5000,0.5,5.8
211,Terrace Marshall Jr.,WR,2,CAR,4.0,5000,2.4,5.9
212,Donovan Peoples-Jones,WR,2,CLE,26.0,5000,2.4,5.5
213,Tevin Coleman,RB,2,NYJ,14.0,5000,0.0,5.3
214,Kenneth Gainwell,RB,2,PHI,31.0,5000,0.0,6.6
215,Peyton Barber,RB,2,LV,8.0,5000,0.0,3.9
216,Jimmy Graham,TE,2,CHI,10.0,5000,0.5,3.5
217,Jake Funk,RB,2,LAR,12.0,5000,0.0,1.4
218,Jeff Wilson Jr.,RB,2,SF,18.0,5000,0.0,0.0
219,Michael Gallup,WR,2,DAL,2.0,5000,0.0,1.2
220,T.Y. Hilton,WR,2,IND,3.0,5000,0.0,0.0
221,N'Keal Harry,WR,2,NE,14.0,5000,0.0,0.0
222,Pittsburgh Steelers,DST,2,PIT,,4900,0.0,9.4
223,Rondale Moore,WR,2,ARI,24.0,4900,2.4,8.0
224,Van Jefferson,WR,2,LAR,28.0,4900,4.9,8.5
225,Bryan Edwards,WR,2,LV,18.0,4900,2.4,7.5
226,Gabriel Davis,WR,2,BUF,5.0,4900,0.0,7.0
227,Zach Ertz,TE,2,PHI,30.0,4900,0.5,6.1
228,Tony Jones Jr.,RB,2,NO,5.0,4900,0.0,6.1
229,Cedrick Wilson,WR,2,DAL,2.0,4900,2.4,5.3
230,Eric Ebron,TE,2,PIT,5.0,4900,0.5,5.2
231,Parris Campbell,WR,2,IND,3.0,4900,0.0,5.2
232,Larry Rountree III,RB,2,LAC,4.0,4900,0.0,5.3
233,JaMycal Hasty,RB,2,SF,18.0,4900,0.0,5.1
234,Michael Carter,RB,2,NYJ,14.0,4900,0.0,4.2
235,Chris Conley,WR,2,HOU,20.0,4900,0.0,3.6
236,Phillip Lindsay,RB,2,HOU,6.0,4900,0.0,4.5
237,James Washington,WR,2,PIT,12.0,4900,0.0,3.7
238,Chris Hogan,WR,2,NO,22.0,4900,0.0,3.7
239,Joshua Palmer,WR,2,LAC,27.0,4900,0.0,2.8
240,Khalil Herbert,RB,2,CHI,19.0,4900,0.0,1.3
241,James White,RB,2,NE,20.0,4800,2.0,8.5
242,San Francisco 49ers,DST,2,SF,,4800,0.0,8.0
243,Anthony Schwartz,WR,2,CLE,26.0,4800,0.0,7.9
244,Tony Pollard,RB,2,DAL,9.0,4800,2.0,6.7
245,David Njoku,TE,2,CLE,26.0,4800,0.5,6.9
246,Jalen Guyton,WR,2,LAC,27.0,4800,0.0,6.0
247,Nico Collins,WR,2,HOU,20.0,4800,0.0,4.8
248,Dalton Schultz,TE,2,DAL,22.0,4800,0.0,5.7
249,Hayden Hurst,TE,2,ATL,17.0,4800,0.5,5.1
250,Quez Watkins,WR,2,PHI,7.0,4800,0.0,5.1
251,Albert Okwuegbunam,TE,2,DEN,18.0,4800,0.0,5.2
252,Jordan Akins,TE,2,HOU,31.0,4800,0.0,3.5
253,Salvon Ahmed,RB,2,MIA,2.0,4800,0.0,4.4
254,Preston Williams,WR,2,MIA,10.0,4800,0.0,3.2
255,Scotty Miller,WR,2,TB,17.0,4800,0.0,2.9
256,Dee Eskridge,WR,2,SEA,32.0,4800,0.0,3.2
257,Denzel Mims,WR,2,NYJ,6.0,4800,0.0,3.1
258,Rhamondre Stevenson,RB,2,NE,20.0,4800,0.0,2.2
259,Breshad Perriman,WR,2,CHI,29.0,4800,0.0,1.9
260,Willie Snead IV,WR,2,LV,18.0,4800,0.0,1.1
261,Los Angeles Rams,DST,2,LAR,,4700,0.0,8.0
262,Anthony Firkser,TE,2,TEN,6.0,4700,0.0,5.5
263,C.J. Uzomah,TE,2,CIN,19.0,4700,0.0,5.1
264,Trent Sherfield,WR,2,SF,1.0,4700,0.0,5.7
265,Tyler Kroft,TE,2,NYJ,3.0,4700,0.0,4.8
266,Danny Amendola,WR,2,HOU,20.0,4700,0.0,5.5
267,Ty Johnson,RB,2,NYJ,14.0,4700,0.0,4.7
268,Kendrick Bourne,WR,2,NE,14.0,4700,0.0,3.7
269,Malcolm Brown,RB,2,MIA,2.0,4700,0.0,3.9
270,Alexander Mattison,RB,2,MIN,10.0,4700,0.0,3.2
271,Braxton Berrios,WR,2,NYJ,6.0,4700,0.0,4.3
272,Samaje Perine,RB,2,CIN,15.0,4700,0.0,3.5
273,Marquise Goodwin,WR,2,CHI,29.0,4700,0.0,4.0
274,Ty Montgomery,WR,2,NO,22.0,4700,0.0,2.9
275,Jeremy McNichols,RB,2,TEN,21.0,4700,0.0,3.6
276,Mohamed Sanu Sr.,WR,2,SF,1.0,4700,0.0,2.8
277,Rashard Higgins,WR,2,CLE,26.0,4700,0.0,2.8
278,O.J. Howard,TE,2,TB,27.0,4700,0.0,2.4
279,Lil'Jordan Humphrey,WR,2,NO,22.0,4700,0.0,2.1
280,Matt Breida,RB,2,BUF,16.0,4700,0.0,2.1
281,Christian Blake,WR,2,ATL,31.0,4700,0.0,0.8
282,Buddy Howell,RB,2,LAR,12.0,4700,0.0,0.0
283,Denver Broncos,DST,2,DEN,,4600,0.0,8.8
284,K.J. Osborn,WR,2,MIN,8.0,4600,0.0,6.4
285,Giovani Bernard,RB,2,TB,25.0,4600,0.0,5.3
286,Jack Doyle,TE,2,IND,14.0,4600,0.0,4.7
287,Chester Rogers,WR,2,TEN,15.0,4600,0.0,5.0
288,Pharaoh Brown,TE,2,HOU,31.0,4600,0.0,4.9
289,Harrison Bryant,TE,2,CLE,26.0,4600,0.0,3.7
290,Justin Jackson,RB,2,LAC,4.0,4600,0.0,3.5
291,DeeJay Dallas,RB,2,SEA,17.0,4600,0.0,3.4
292,Marlon Mack,RB,2,IND,23.0,4600,0.0,2.6
293,Tyron Johnson,WR,2,JAX,23.0,4600,0.0,2.5
294,Tutu Atwell,WR,2,LAR,28.0,4600,0.0,2.1
295,La'Mical Perine,RB,2,NYJ,14.0,4600,0.0,2.4
296,Mike Strachan,WR,2,IND,3.0,4600,0.0,2.9
297,KJ Hill Jr.,WR,2,LAC,27.0,4600,0.0,2.9
298,Chuba Hubbard,RB,2,CAR,3.0,4600,0.0,2.2
299,Isaiah McKenzie,WR,2,BUF,5.0,4600,0.0,1.2
300,Ameer Abdullah,RB,2,MIN,10.0,4600,0.0,1.4
301,Rashaad Penny,RB,2,SEA,17.0,4600,0.0,0.9
302,Keke Coutee,WR,2,IND,3.0,4600,0.0,0.0
303,Tarik Cohen,RB,2,CHI,19.0,4600,0.0,0.0
304,Tampa Bay Buccaneers,DST,2,TB,,4500,0.0,9.0
305,Adam Trautman,TE,2,NO,13.0,4500,8.6,5.6
306,Albert Wilson,WR,2,MIA,10.0,4500,0.0,3.3
307,Olamide Zaccheaus,WR,2,ATL,31.0,4500,0.0,2.8
308,Josh Reynolds,WR,2,TEN,15.0,4500,0.0,3.5
309,Freddie Swain,WR,2,SEA,32.0,4500,,3.4
310,Keelan Cole,WR,2,NYJ,6.0,4500,0.0,3.3
311,Mo Alie-Cox,TE,2,IND,14.0,4500,0.0,2.9
312,Kyle Juszczyk,RB,2,SF,18.0,4500,0.0,2.7
313,Alex Collins,RB,2,SEA,17.0,4500,0.0,2.6
314,Anthony Miller,WR,2,HOU,20.0,4500,0.0,2.5
315,Zay Jones,WR,2,LV,18.0,4500,0.0,3.8
316,Chris Evans,RB,2,CIN,15.0,4500,0.0,2.2
317,Wayne Gallman,RB,2,ATL,7.0,4500,0.0,2.4
318,Simi Fehoko,WR,2,DAL,2.0,4500,,2.3
319,Nick Westbrook-Ikhine,WR,2,TEN,15.0,4500,0.0,2.2
320,Boston Scott,RB,2,PHI,31.0,4500,0.0,2.4
321,Benny Snell Jr.,RB,2,PIT,28.0,4500,0.0,2.4
322,Kalen Ballage,RB,2,PIT,28.0,4500,0.0,2.3
323,Nate McCrary,RB,2,DEN,30.0,4500,0.0,2.0
324,Gunner Olszewski,WR,2,NE,14.0,4500,0.0,1.7
325,Jonathan Ward,RB,2,ARI,26.0,4500,0.0,2.0
326,Mike Thomas,WR,2,CIN,30.0,4500,0.0,1.6
327,Joshua Kelley,RB,2,LAC,4.0,4500,0.0,1.7
328,Noah Brown,WR,2,DAL,2.0,4500,0.0,1.7
329,Rex Burkhead,RB,2,HOU,6.0,4500,0.0,1.7
330,Penny Hart,WR,2,SEA,32.0,4500,0.0,1.7
331,Demetric Felton,RB,2,CLE,10.0,4500,0.0,1.9
332,Brandon Bolden,RB,2,NE,20.0,4500,0.0,1.5
333,Travis Homer,RB,2,SEA,17.0,4500,0.0,1.7
334,Tyrie Cleveland,WR,2,DEN,16.0,4500,0.0,1.3
335,Jakeem Grant Sr.,WR,2,MIA,10.0,4500,0.0,1.5
336,Keith Smith,RB,2,ATL,7.0,4500,,1.3
337,Chris Manhertz,TE,2,JAX,2.0,4500,0.0,2.7
338,Auden Tate,WR,2,CIN,30.0,4500,0.0,1.0
339,Dede Westbrook,WR,2,MIN,8.0,4500,0.0,1.4
340,Alex Erickson,WR,2,CAR,4.0,4500,0.0,1.3
341,C.J. Ham,RB,2,MIN,10.0,4500,0.0,1.4
342,Greg Ward,WR,2,PHI,7.0,4500,0.0,1.3
343,Shi Smith,WR,2,CAR,4.0,4500,,1.0
344,Taja√© Sharpe,WR,2,ATL,31.0,4500,0.0,0.8
345,Dare Ogunbowale,RB,2,JAX,1.0,4500,0.0,1.4
346,Alec Ingold,RB,2,LV,8.0,4500,,1.0
347,Andy Isabella,WR,2,ARI,24.0,4500,0.0,1.0
348,Jordan Wilkins,RB,2,IND,23.0,4500,0.0,1.2
349,Brandon Zylstra,WR,2,CAR,4.0,4500,0.0,1.2
350,Royce Freeman,RB,2,CAR,3.0,4500,0.0,1.3
351,Tyler Johnson,WR,2,TB,17.0,4500,0.0,1.2
352,Khari Blasingame,RB,2,TEN,21.0,4500,0.0,0.9
353,Ihmir Smith-Marsette,WR,2,MIN,8.0,4500,,0.8
354,Diontae Spencer,WR,2,DEN,16.0,4500,0.0,0.8
355,Jamal Agnew,WR,2,JAX,23.0,4500,0.0,0.9
356,D'Ernest Johnson,RB,2,CLE,10.0,4500,0.0,1.3
357,J.J. Taylor,RB,2,NE,20.0,4500,0.0,0.7
358,Ashton Dulin,WR,2,IND,3.0,4500,0.0,1.1
359,Jake Kumerow,WR,2,BUF,5.0,4500,0.0,0.8
360,J.J. Arcega-Whiteside,WR,2,PHI,7.0,4500,0.0,1.0
361,Eno Benjamin,RB,2,ARI,26.0,4500,0.0,0.6
362,Corey Clement,RB,2,DAL,9.0,4500,0.0,0.8
363,Ke'Shawn Vaughn,RB,2,TB,25.0,4500,0.0,0.6
364,Jaelon Darden,WR,2,TB,17.0,4500,,0.6
365,Andre Roberts,WR,2,HOU,20.0,4500,0.0,0.5
366,Jauan Jennings,WR,2,SF,1.0,4500,0.0,0.8
367,Racey McMath,WR,2,TEN,15.0,4500,,0.5
368,Mack Hollins,WR,2,MIA,10.0,4500,0.0,0.9
369,Jeff Smith,WR,2,NYJ,6.0,4500,0.0,0.8
370,Andy Janovich,RB,2,CLE,10.0,4500,,0.4
371,Gabe Nabers,RB,2,LAC,4.0,4500,,0.4
372,Taiwan Jones,RB,2,BUF,16.0,4500,0.0,0.6
373,Ben Skowronek,WR,2,LAR,28.0,4500,,0.3
374,Jakob Johnson,RB,2,NE,20.0,4500,,0.3
375,Derek Watt,RB,2,PIT,28.0,4500,,0.2
376,Cameron Batson,WR,2,TEN,15.0,4500,0.0,0.2
377,Nick Bellore,RB,2,SEA,17.0,4500,0.0,0.8
378,Ray-Ray McCloud,WR,2,PIT,12.0,4500,0.0,0.7
379,Trey Edmunds,RB,2,PIT,28.0,4500,0.0,0.2
380,Trey Ragas,RB,2,LV,8.0,4500,0.0,0.2
381,Damarea Crockett,RB,2,DEN,30.0,4500,0.0,0.3
382,Stanley Morgan,WR,2,CIN,30.0,4500,0.0,0.1
383,Matthew Slater,WR,2,NE,14.0,4500,0.0,0.3
384,Dwayne Washington,RB,2,NO,5.0,4500,0.0,0.5
385,Nsimba Webster,WR,2,CHI,29.0,4500,0.0,0.5
386,Jordan Howard,RB,2,PHI,31.0,4500,0.0,0.1
387,Devin Smith,WR,2,JAX,23.0,4500,0.0,0.4
388,Jaydon Mickens,WR,2,TB,17.0,4500,0.0,0.6
389,Devine Ozigbo,RB,2,JAX,1.0,4500,0.0,0.0
390,David Moore,WR,2,LV,18.0,4500,0.0,0.0
391,Travis Fulgham,WR,2,PHI,7.0,4500,0.0,0.0
392,Scottie Phillips,RB,2,HOU,6.0,4500,0.0,0.0
393,Josh Adams,RB,2,NYJ,14.0,4500,0.0,0.0
394,Keelan Doss,WR,2,ATL,31.0,4500,0.0,0.0
395,Brandon Powell,WR,2,MIA,10.0,4500,0.0,0.0
396,DeMichael Harris,WR,2,IND,3.0,4500,,0.0
397,Trenton Irwin,WR,2,CIN,30.0,4500,0.0,0.0
398,Steven Sims,WR,2,PIT,12.0,4500,0.0,0.0
399,Stephen Sullivan,TE,2,CAR,8.0,4500,0.0,0.0
400,Jaylen Samuels,RB,2,PIT,28.0,4500,0.0,0.0
401,Dez Fitzpatrick,WR,2,TEN,15.0,4500,,0.0
402,Isaiah Zuber,WR,2,SF,1.0,4500,0.0,0.0
403,Aaron Fuller,WR,2,SEA,32.0,4500,0.0,0.0
404,Kirk Merritt,WR,2,MIA,10.0,4500,,0.0
405,De'Quan Hampton,WR,2,SEA,32.0,4500,,0.0
406,Brandon Smith,WR,2,DAL,2.0,4500,,0.0
407,Alex Armah,RB,2,NO,5.0,4500,0.0,0.0
408,Jordan Matthews,TE,2,SF,16.0,4500,0.0,0.0
409,Cody Thompson,WR,2,SEA,32.0,4500,0.0,0.0
410,Jon'Vea Johnson,WR,2,CHI,29.0,4500,0.0,0.0
411,Vyncint Smith,WR,2,NYJ,6.0,4500,0.0,0.0
412,Joe Reed,WR,2,LAC,27.0,4500,0.0,0.0
413,Mekhi Sargent,RB,2,TEN,21.0,4500,0.0,0.3
414,Jacques Patrick,RB,2,CIN,15.0,4500,0.0,0.0
415,Bisi Johnson,WR,2,MIN,8.0,4500,0.0,0.0
416,Anthony McFarland Jr.,RB,2,PIT,28.0,4500,0.0,0.0
417,JaQuan Hardy,RB,2,DAL,9.0,4500,0.0,0.0
418,Trayveon Williams,RB,2,CIN,15.0,4500,0.0,0.0
419,Rico Bussey,WR,2,PIT,12.0,4500,,0.0
420,Darwin Thompson,RB,2,TB,25.0,4500,0.0,0.0
421,Rodney Adams,WR,2,CHI,29.0,4500,0.0,0.0
422,Sewo Olonilua,RB,2,DAL,9.0,4500,0.0,0.0
423,Chris Moore,WR,2,HOU,20.0,4500,0.0,0.0
424,Malcolm Perry,RB,2,NE,20.0,4500,,0.0
425,Darius Phillips,DB,2,CIN,,4500,,0.0
426,Kerryon Johnson,RB,2,SF,18.0,4500,0.0,0.0
427,Otis Anderson,RB,2,LAR,12.0,4500,0.0,0.0
428,Austin Proehl,WR,2,LAC,27.0,4500,0.0,0.0
429,Trent Taylor,WR,2,CIN,30.0,4500,0.0,0.0
430,Jerry Jeudy,WR,2,DEN,16.0,4500,0.0,1.8
431,Antoine Wesley,WR,2,ARI,24.0,4500,0.0,0.0
432,T.J. Vasher,WR,2,DAL,2.0,4500,,0.0
433,John Hightower,WR,2,PHI,7.0,4500,0.0,0.0
434,Kawaan Baker,WR,2,NO,22.0,4500,,0.0
435,Josh Johnson,RB,2,SEA,17.0,4500,0.0,0.0
436,Jason Huntley,RB,2,PHI,31.0,4500,0.0,0.0
437,Cade Johnson,WR,2,SEA,32.0,4500,,0.0
438,Rico Dowdle,RB,2,DAL,9.0,4500,0.0,0.0
439,Austin Trammell,WR,2,ATL,31.0,4500,,0.0
440,Patrick Laird,RB,2,MIA,2.0,4500,0.0,0.0
441,Mike Boone,RB,2,DEN,30.0,4500,0.0,0.0
442,Cody White,WR,2,PIT,12.0,4500,,0.0
443,Jordan Glasgow,LB,2,IND,,4500,,0.0
444,Darrynton Evans,RB,2,TEN,21.0,4500,0.0,0.0
445,Whop Philyor,WR,2,MIN,8.0,4500,,0.0
446,DaeSean Hamilton,WR,2,DEN,16.0,4500,0.0,0.0
447,Pooka Williams Jr.,RB,2,CIN,15.0,4500,0.0,0.0
448,Jalen Richard,RB,2,LV,8.0,4500,0.0,0.0
449,Trishton Jackson,WR,2,MIN,8.0,4500,0.0,0.0
450,Laquon Treadwell,WR,2,JAX,23.0,4500,0.0,0.0
451,Michael Walker,WR,2,PHI,7.0,4500,0.0,0.0
452,Isaiah Hodgins,WR,2,BUF,5.0,4500,,0.0
453,Dan Chisena,WR,2,MIN,8.0,4500,,0.0
454,Keith Kirkwood,WR,2,CAR,4.0,4500,0.0,0.0
455,Deon Jackson,RB,2,IND,23.0,4500,0.0,0.0
456,Frank Darby,WR,2,ATL,31.0,4500,,0.0
457,Tyler Vaughns,WR,2,PIT,12.0,4500,0.0,0.0
458,River Cracraft,WR,2,SF,1.0,4500,0.0,0.0
459,Jalen Camp,WR,2,HOU,20.0,4500,,0.0
460,Isaiah Ford,WR,2,MIA,10.0,4500,0.0,0.0
461,Michael Bandy,WR,2,LAC,27.0,4500,,0.0
462,Caleb Huntley,RB,2,ATL,7.0,4500,0.0,0.0
463,Justin Hardee,DB,2,NYJ,,4500,,0.0
464,Josh Hokit,RB,2,SF,18.0,4500,,0.0
465,C.J. Saunders,WR,2,CAR,4.0,4500,,0.0
466,Lynn Bowden Jr.,WR,2,MIA,10.0,4500,0.0,0.0
467,Antonio Williams,RB,2,BUF,16.0,4500,0.0,0.0
468,Ryan Becker,TE,2,ATL,17.0,4500,0.0,0.0
469,Robert Foster,WR,2,DAL,2.0,4500,0.0,0.0
470,Justin Watson,WR,2,TB,17.0,4500,0.0,0.0
471,Cam Akers,RB,2,LAR,12.0,4500,0.0,0.0
472,Allen Hurns,WR,2,MIA,10.0,4500,0.0,0.0
473,Jalen Hurd,WR,2,SF,1.0,4500,0.0,0.0
474,Phillip Dorsett II,WR,2,JAX,23.0,4500,0.0,0.0
475,Kristian Wilkerson,WR,2,NE,14.0,4500,,0.0
476,Isaiah Coulter,WR,2,CHI,29.0,4500,,0.0
477,Mason Kinsey,WR,2,TEN,15.0,4500,,0.0
478,A.J. Rose Jr.,RB,2,MIN,10.0,4500,0.0,0.0
479,JoJo Natson,WR,2,CLE,26.0,4500,0.0,0.0
480,J.J. Koski,WR,2,LAR,28.0,4500,,0.0
481,Aaron Parker,WR,2,CAR,4.0,4500,,0.0
482,Gerrid Doaks,RB,2,MIA,2.0,4500,0.0,0.0
483,Tarik Black,WR,2,IND,3.0,4500,0.0,0.0
484,Tanner Gentry,WR,2,BUF,5.0,4500,0.0,0.0
485,Ben Mason,RB,2,NE,20.0,4500,0.0,0.0
486,Jeff Cotton,WR,2,JAX,23.0,4500,,0.0
487,De'Mornay Pierson-El,WR,2,DEN,16.0,4500,0.0,0.0
488,Tre Nixon,WR,2,NE,14.0,4500,,0.0
489,J.J. Nelson,WR,2,IND,3.0,4500,0.0,0.0
490,Rodney Smith,RB,2,CAR,3.0,4500,0.0,0.0
491,Dazz Newsome,WR,2,CHI,29.0,4500,,0.0
492,Michael Jacquet,DB,2,PHI,,4500,,0.0
493,Andre Baccellia,WR,2,ARI,24.0,4500,,0.0
494,Blake Lynch,LB,2,MIN,,4500,,0.0
495,Ja'Marcus Bradley,WR,2,CLE,26.0,4500,,0.0
496,Levante Bellamy,RB,2,DEN,30.0,4500,0.0,0.0
497,Francis Bernard,LB,2,DAL,,4500,,0.0
498,Davion Davis,WR,2,CLE,26.0,4500,0.0,0.0
499,Marcus Johnson,WR,2,TEN,15.0,4500,0.0,0.0
500,Travis Benjamin,WR,2,SF,1.0,4500,0.0,0.0
501,Kene Nwangwu,RB,2,MIN,10.0,4500,0.0,0.0
502,Jordan Veasy,WR,2,HOU,20.0,4500,0.0,0.0
503,Connor Wedington,WR,2,SEA,32.0,4500,,0.0
504,Marquez Stevenson,WR,2,BUF,5.0,4500,,0.0
505,C.J. Goodwin,DB,2,DAL,,4500,,0.0
506,Seth Williams,WR,2,DEN,16.0,4500,,0.0
507,Myron Mitchell,WR,2,MIN,8.0,4500,,0.0
508,Kevin White,WR,2,NO,22.0,4500,0.0,0.0
509,Easop Winston Jr.,WR,2,NO,22.0,4500,0.0,0.0
510,Spencer Brown,RB,2,CAR,3.0,4500,0.0,0.0
511,Josh Hammond,WR,2,JAX,23.0,4500,,0.0
512,Adam Prentice,RB,2,NO,5.0,4500,,0.0
513,Tory Carter,RB,2,TEN,21.0,4500,,0.0
514,Osirus Mitchell,WR,2,DAL,2.0,4500,,0.0
515,Landen Akers,WR,2,LAR,28.0,4500,,0.0
516,Ryan Nall,RB,2,CHI,19.0,4500,0.0,0.0
517,Ryan Switzer,WR,2,CLE,26.0,4500,0.0,0.0
518,Quartney Davis,WR,2,IND,3.0,4500,,0.0
519,Dezmon Patmon,WR,2,IND,3.0,4500,,0.0
520,Jaylinn Hawkins,DB,2,ATL,,4500,,0.0
521,Malik Turner,WR,2,DAL,2.0,4500,0.0,0.0
522,Josh Doctson,WR,2,ARI,24.0,4500,0.0,0.0
523,Stantley Thomas-Oliver III,DB,2,CAR,,4500,,0.0
524,Tavon Austin,WR,2,JAX,23.0,4500,0.0,0.0
525,Dillon Stoner,WR,2,LV,18.0,4500,,0.0
526,Travis Etienne Jr.,RB,2,JAX,1.0,4500,0.0,0.0
527,Jason Moore Jr.,WR,2,LAC,27.0,4500,0.0,0.0
528,KeeSean Johnson,WR,2,PHI,7.0,4500,0.0,0.0
529,Terry Godwin,WR,2,JAX,23.0,4500,0.0,0.0
530,Greg Dortch,WR,2,ARI,24.0,4500,0.0,0.0
531,Tre Harbison,RB,2,CLE,10.0,4500,0.0,0.0
532,John Ursua,WR,2,SEA,32.0,4500,0.0,0.0
533,D.J. Turner,WR,2,LV,18.0,4500,,0.0
534,John Kelly,RB,2,CLE,10.0,4500,0.0,0.0
535,Arizona Cardinals,DST,2,ARI,,4400,0.0,7.8
536,James O'Shaughnessy,TE,2,JAX,2.0,4400,0.0,5.8
537,Blake Jarwin,TE,2,DAL,22.0,4400,0.0,4.6
538,Dan Arnold,TE,2,CAR,8.0,4400,0.0,4.3
539,Durham Smythe,TE,2,MIA,10.0,4400,0.0,2.5
540,New Orleans Saints,DST,2,NO,,4300,0.1,8.8
541,Cameron Brate,TE,2,TB,27.0,4300,0.0,2.6
542,Foster Moreau,TE,2,LV,10.0,4300,0.0,1.2
543,Cleveland Browns,DST,2,CLE,,4200,0.1,8.8
544,Pat Freiermuth,TE,2,PIT,5.0,4200,0.0,4.7
545,Will Dissly,TE,2,SEA,1.0,4200,0.0,4.2
546,Ian Thomas,TE,2,CAR,8.0,4200,0.0,2.5
547,Chris Herndon,TE,2,MIN,4.0,4200,0.0,1.8
548,Geoff Swaim,TE,2,TEN,6.0,4200,0.0,1.7
549,Drew Sample,TE,2,CIN,19.0,4200,0.0,1.4
550,Jacob Harris,TE,2,LAR,23.0,4200,0.0,0.8
551,Jesse James,TE,2,CHI,10.0,4200,0.0,0.9
552,Chicago Bears,DST,2,CHI,,4100,0.0,9.0
553,Donald Parham Jr.,TE,2,LAC,32.0,4100,0.0,3.8
554,Maxx Williams,TE,2,ARI,9.0,4100,0.0,2.0
555,Ross Dwelley,TE,2,SF,16.0,4100,0.0,1.5
556,Tommy Sweeney,TE,2,BUF,21.0,4100,0.0,1.3
557,Adam Shaheen,TE,2,MIA,10.0,4100,0.0,1.2
558,Devin Asiasi,TE,2,NE,7.0,4100,0.0,0.9
559,Brevin Jordan,TE,2,HOU,31.0,4100,0.0,0.9
560,Tommy Tremble,TE,2,CAR,8.0,4100,0.0,0.9
561,Charlie Woerner,TE,2,SF,16.0,4100,0.0,0.5
562,Trevon Wesco,TE,2,NYJ,3.0,4100,0.0,0.8
563,Lee Smith,TE,2,ATL,17.0,4100,0.0,0.2
564,Jeremy Sprinkle,TE,2,DAL,22.0,4100,0.0,0.1
565,Miami Dolphins,DST,2,MIA,,4000,0.0,7.0
566,Ryan Griffin,TE,2,NYJ,3.0,4000,,2.6
567,Demetrius Harris,TE,2,ARI,9.0,4000,0.0,1.9
568,Eric Saubert,TE,2,DEN,18.0,4000,0.0,1.5
569,Brycen Hopkins,TE,2,LAR,23.0,4000,0.0,1.4
570,Stephen Anderson,TE,2,LAC,32.0,4000,0.0,1.2
571,Tre' McKitty,TE,2,LAC,32.0,4000,0.0,1.0
572,Luke Farrell,TE,2,JAX,2.0,4000,0.0,1.1
573,Hunter Long,TE,2,MIA,10.0,4000,0.0,1.0
574,Kylen Granson,TE,2,IND,14.0,4000,0.0,0.9
575,Ben Ellefson,TE,2,MIN,4.0,4000,0.0,0.6
576,Derek Carrier,TE,2,LV,10.0,4000,0.0,0.5
577,Nick Bowers,TE,2,LV,10.0,4000,0.0,0.4
578,Reggie Gilliam,TE,2,BUF,21.0,4000,0.0,0.4
579,Darrell Daniels,TE,2,ARI,9.0,4000,0.0,0.8
580,Cethan Carter,TE,2,MIA,10.0,4000,0.0,0.7
581,J.P. Holtz,TE,2,CHI,10.0,4000,0.0,0.7
582,Zach Gentry,TE,2,PIT,5.0,4000,0.0,0.8
583,MyCole Pruitt,TE,2,TEN,6.0,4000,0.0,0.4
584,Jacob Hollister,TE,2,JAX,2.0,4000,0.0,0.3
585,Johnny Mundt,TE,2,LAR,23.0,4000,0.0,0.3
586,Andrew Beck,TE,2,DEN,18.0,4000,0.0,0.3
587,Jack Stoll,TE,2,PHI,30.0,4000,0.0,0.4
588,Colin Thompson,TE,2,CAR,8.0,4000,0.0,0.6
589,Jesper Horsted,TE,2,CHI,10.0,4000,0.0,0.2
590,Garrett Griffin,TE,2,NO,13.0,4000,0.0,0.3
591,Giovanni Ricci,RB,2,CAR,3.0,4000,0.0,0.8
592,Daniel Brown,TE,2,NYJ,3.0,4000,0.0,0.5
593,Antony Auclair,TE,2,HOU,31.0,4000,0.0,-0.1
594,Brandon Dillon,TE,2,MIN,4.0,4000,0.0,0.2
595,Tommy Hudson,TE,2,TEN,6.0,4000,0.0,0.0
596,Deon Yelder,TE,2,TB,27.0,4000,0.0,0.0
597,Quintin Morris,TE,2,BUF,21.0,4000,0.0,0.0
598,Shaun Beyer,TE,2,DEN,18.0,4000,0.0,0.0
599,Briley Moore,TE,2,TEN,6.0,4000,0.0,0.0
600,Jason Croom,TE,2,PHI,30.0,4000,0.0,0.0
601,Zach Davidson,TE,2,MIN,4.0,4000,0.0,0.0
602,Bernhard Seikovits,TE,2,ARI,9.0,4000,0.0,0.0
603,Matt Bushman,TE,2,LV,10.0,4000,0.0,0.0
604,Kahale Warring,TE,2,BUF,21.0,4000,0.0,0.0
605,Tyler Mabry,TE,2,SEA,1.0,4000,0.0,0.6
606,Mason Schreck,TE,2,CIN,19.0,4000,0.0,0.0
607,Jaeden Graham,TE,2,ATL,17.0,4000,0.0,0.0
608,Codey McElroy,TE,2,TB,27.0,4000,0.0,0.0
609,Kendall Blanton,TE,2,LAR,23.0,4000,0.0,0.0
610,Austin Fort,TE,2,TEN,6.0,4000,0.0,0.0
611,John Raine,TE,2,ATL,17.0,4000,0.0,0.0
612,Kenny Yeboah,TE,2,NYJ,3.0,4000,0.0,0.0
613,Matt Sokol,TE,2,JAX,2.0,4000,0.0,0.0
614,Irv Smith Jr.,TE,2,MIN,4.0,4000,0.0,0.0
615,Matt LaCosse,TE,2,NE,7.0,4000,0.0,0.0
616,Farrod Green,TE,2,IND,14.0,4000,0.0,0.0
617,Sean McKeon,TE,2,DAL,22.0,4000,0.0,0.0
618,Parker Hesse,TE,2,ATL,17.0,4000,0.0,-0.0
619,Tanner Hudson,TE,2,SF,16.0,4000,0.0,0.0
620,Ethan Wolf,TE,2,NO,13.0,4000,0.0,0.0
621,Kevin Rader,TE,2,PIT,5.0,4000,0.0,0.0
622,Connor Davis,TE,2,CLE,26.0,4000,0.0,0.0
623,Nick Ralston,RB,2,DAL,9.0,4000,,0.0
624,Thaddeus Moss,TE,2,CIN,19.0,4000,0.0,0.0
625,Nick Eubanks,TE,2,PHI,30.0,4000,0.0,0.0
626,Colby Parkinson,TE,2,SEA,1.0,4000,0.0,0.0
627,Dylan Soehner,TE,2,NO,13.0,4000,0.0,0.0
628,Paul Quessenberry,TE,2,HOU,31.0,4000,0.0,0.0
629,Hunter Kampmoyer,TE,2,LAC,32.0,4000,0.0,0.0
630,Jake Bargas,RB,2,MIN,10.0,4000,0.0,0.0
631,Stephen Carlson,TE,2,CLE,26.0,4000,0.0,0.0
632,Mitchell Wilcox,TE,2,CIN,19.0,4000,0.0,0.0
633,Ross Travis,TE,2,ARI,9.0,4000,0.0,0.0
634,Troy Fumagalli,TE,2,NE,7.0,4000,0.0,0.0
635,Ian Bunting,TE,2,DAL,22.0,4000,0.0,0.0
636,Nick Vannett,TE,2,NO,13.0,4000,0.0,0.0
637,Dalton Keene,TE,2,NE,7.0,4000,0.0,0.0
638,Jordan Franks,TE,2,CLE,26.0,4000,0.0,0.0
639,Sam Tecklenburg,TE,2,CAR,,4000,,
640,Danny Pinter,TE,2,IND,,4000,,
641,Patrick Scales,TE,2,CHI,,4000,,
642,Jack Driscoll,TE,2,PHI,,4000,,
643,Andrew DePaola,TE,2,MIN,,4000,,
644,Daniel Brunskill,TE,2,SF,,4000,,
645,Clark Harris,TE,2,CIN,,4000,,
646,Tyler Ott,TE,2,SEA,,4000,,
647,Charlie Heck,TE,2,HOU,,4000,,
648,Matthew Orzech,TE,2,LAR,,4000,,
649,Philadelphia Eagles,DST,2,PHI,,3900,0.0,8.1
650,Indianapolis Colts,DST,2,IND,,3800,0.0,7.7
651,Carolina Panthers,DST,2,CAR,,3800,0.0,7.6
652,Buffalo Bills,DST,2,BUF,,3700,0.0,7.5
653,Seattle Seahawks,DST,2,SEA,,3700,0.0,6.1
654,Los Angeles Chargers,DST,2,LAC,,3600,0.0,7.0
655,Cincinnati Bengals,DST,2,CIN,,3600,0.0,6.2
656,Dallas Cowboys,DST,2,DAL,,3500,0.0,6.4
657,New York Jets,DST,2,NYJ,,3400,0.0,6.8
658,Las Vegas Raiders,DST,2,LV,,3400,0.0,5.7
659,Minnesota Vikings,DST,2,MIN,,3300,0.0,7.0
660,Jacksonville Jaguars,DST,2,JAX,,3300,0.0,5.9
661,Tennessee Titans,DST,2,TEN,,3200,0.0,5.3
662,Houston Texans,DST,2,HOU,,3100,0.0,4.2
663,Atlanta Falcons,DST,2,ATL,,3000,0.0,4.3
