Rank,Name,Team,Position,Week,Opponent,UpcomingOpponentRank,UpcomingOpponentPositionRank,FantasyPointsFanDuel,FantasyPointsPerDollarRatioFanDuel,FanShareProjectedOwnershipPercentage,Operator,OperatorSalary
1,Christian McCaffrey,CAR,RB,1,LV,25,19,20.81,2.08,null,FanDuel,10000
2,Patrick Mahomes,KC,QB,1,HOU,27,29,23.76,2.5,null,FanDuel,9500
3,Lamar Jackson,BAL,QB,1,CLE,20,21,24.16,2.6,null,FanDuel,9300
4,Saquon Barkley,NYG,RB,1,PIT,5,5,16.51,1.83,null,FanDuel,9000
5,Michael Thomas,NO,WR,1,TB,23,32,16.49,1.87,null,FanDuel,8800
6,Ezekiel Elliott,DAL,RB,1,LAR,14,17,17.18,1.97,null,FanDuel,8700
6,Dalvin Cook,MIN,RB,1,GB,12,23,16.61,1.91,null,FanDuel,8700
8,Dak Prescott,DAL,QB,1,LAR,14,11,20.55,2.45,null,FanDuel,8400
8,Russell Wilson,SEA,QB,1,ATL,21,25,20.23,2.41,null,FanDuel,8400
8,Derrick Henry,TEN,RB,1,DEN,8,10,17.6,2.1,null,FanDuel,8400
11,Alvin Kamara,NO,RB,1,TB,23,2,16.45,1.98,null,FanDuel,8300
12,Deshaun Watson,HOU,QB,1,KC,11,12,20.16,2.46,null,FanDuel,8200
12,Josh Jacobs,LV,RB,1,CAR,26,32,15.85,1.93,null,FanDuel,8200
12,Julio Jones,ATL,WR,1,SEA,19,15,14.97,1.83,null,FanDuel,8200
15,Drew Brees,NO,QB,1,TB,23,23,18.87,2.33,null,FanDuel,8100
15,Tyreek Hill,KC,WR,1,HOU,27,20,14.87,1.84,null,FanDuel,8100
17,Davante Adams,GB,WR,1,MIN,10,24,15.44,1.93,null,FanDuel,8000
17,George Kittle,SF,TE,1,ARI,31,32,13.88,1.74,null,FanDuel,8000
19,Josh Allen,BUF,QB,1,NYJ,13,17,18.86,2.39,null,FanDuel,7900
20,Matt Ryan,ATL,QB,1,SEA,19,15,19.17,2.46,null,FanDuel,7800
20,Ben Roethlisberger,PIT,QB,1,NYG,29,30,17.77,2.28,null,FanDuel,7800
20,Aaron Jones,GB,RB,1,MIN,10,14,14.34,1.84,null,FanDuel,7800
20,Travis Kelce,KC,TE,1,HOU,27,24,13.78,1.77,null,FanDuel,7800
20,DeAndre Hopkins,ARI,WR,1,SF,4,14,12.77,1.64,null,FanDuel,7800
25,Kyler Murray,ARI,QB,1,SF,4,10,18.11,2.35,null,FanDuel,7700
25,Carson Wentz,PHI,QB,1,WAS,28,24,17.82,2.31,null,FanDuel,7700
25,Austin Ekeler,LAC,RB,1,CIN,24,24,16.84,2.19,null,FanDuel,7700
25,Chris Godwin,TB,WR,1,NO,15,27,14.33,1.86,null,FanDuel,7700
29,Aaron Rodgers,GB,QB,1,MIN,10,8,16.82,2.21,null,FanDuel,7600
30,Tom Brady,TB,QB,1,NO,15,20,17.98,2.4,null,FanDuel,7500
30,Mike Evans,TB,WR,1,NO,15,27,8.6,1.15,null,FanDuel,7500
32,Cam Newton,NE,QB,1,MIA,32,31,18.13,2.45,null,FanDuel,7400
32,Jared Goff,LAR,QB,1,DAL,9,13,17.66,2.39,null,FanDuel,7400
32,Nick Chubb,CLE,RB,1,BAL,3,8,12.47,1.69,null,FanDuel,7400
32,Mark Andrews,BAL,TE,1,CLE,20,29,11.77,1.59,null,FanDuel,7400
36,Jimmy Garoppolo,SF,QB,1,ARI,31,32,17.52,2.4,null,FanDuel,7300
36,Matthew Stafford,DET,QB,1,CHI,6,6,16.68,2.28,null,FanDuel,7300
36,Joe Mixon,CIN,RB,1,LAC,7,22,14.29,1.96,null,FanDuel,7300
36,Kenny Golladay,DET,WR,1,CHI,6,5,0,0,null,FanDuel,7300
40,Philip Rivers,IND,QB,1,JAX,22,19,16.28,2.26,null,FanDuel,7200
40,Kirk Cousins,MIN,QB,1,GB,12,5,16.19,2.25,null,FanDuel,7200
40,Daniel Jones,NYG,QB,1,PIT,5,4,15.7,2.18,null,FanDuel,7200
40,Clyde Edwards-Helaire,KC,RB,1,HOU,27,26,14.45,2.01,null,FanDuel,7200
40,Allen Robinson II,CHI,WR,1,DET,30,29,13.49,1.87,null,FanDuel,7200
40,Chris Carson,SEA,RB,1,ATL,21,11,13.17,1.83,null,FanDuel,7200
40,Cooper Kupp,LAR,WR,1,DAL,9,7,11.75,1.63,null,FanDuel,7200
47,Derek Carr,LV,QB,1,CAR,26,16,16.83,2.37,null,FanDuel,7100
47,D.J. Moore,CAR,WR,1,LV,25,23,13.32,1.88,null,FanDuel,7100
47,JuJu Smith-Schuster,PIT,WR,1,NYG,29,28,12.81,1.8,null,FanDuel,7100
47,Todd Gurley II,ATL,RB,1,SEA,19,20,12.73,1.79,null,FanDuel,7100
47,Amari Cooper,DAL,WR,1,LAR,14,12,11.23,1.58,null,FanDuel,7100
52,Tyrod Taylor,LAC,QB,1,CIN,24,27,17.17,2.45,null,FanDuel,7000
52,Ryan Tannehill,TEN,QB,1,DEN,8,9,15.96,2.28,null,FanDuel,7000
52,Baker Mayfield,CLE,QB,1,BAL,3,2,15.06,2.15,null,FanDuel,7000
52,Keenan Allen,LAC,WR,1,CIN,24,18,12.33,1.76,null,FanDuel,7000
52,Mark Ingram II,BAL,RB,1,CLE,20,25,11.82,1.69,null,FanDuel,7000
57,Mitchell Trubisky,CHI,QB,1,DET,30,28,15.26,2.21,null,FanDuel,6900
57,Robert Woods,LAR,WR,1,DAL,9,7,12.19,1.77,null,FanDuel,6900
57,Odell Beckham Jr.,CLE,WR,1,BAL,3,12,11.53,1.67,null,FanDuel,6900
57,Darren Waller,LV,TE,1,CAR,26,7,10.07,1.46,null,FanDuel,6900
57,Leonard Fournette,TB,RB,1,NO,15,4,6.23,0.9,null,FanDuel,6900
57,Courtland Sutton,DEN,WR,1,TEN,17,16,0,0,null,FanDuel,6900
63,Teddy Bridgewater,CAR,QB,1,LV,25,26,17.26,2.54,null,FanDuel,6800
63,James Conner,PIT,RB,1,NYG,29,18,14.28,2.1,null,FanDuel,6800
63,Sam Darnold,NYJ,QB,1,BUF,2,3,12.93,1.9,null,FanDuel,6800
63,Adam Thielen,MIN,WR,1,GB,12,11,12.68,1.86,null,FanDuel,6800
63,Tyler Lockett,SEA,WR,1,ATL,21,17,11.77,1.73,null,FanDuel,6800
63,Miles Sanders,PHI,RB,1,WAS,28,30,0,0,null,FanDuel,6800
69,Gardner Minshew II,JAX,QB,1,IND,18,22,16.65,2.49,null,FanDuel,6700
69,Drew Lock,DEN,QB,1,TEN,17,18,15.54,2.32,null,FanDuel,6700
69,A.J. Brown,TEN,WR,1,DEN,8,9,11.74,1.75,null,FanDuel,6700
69,Zach Ertz,PHI,TE,1,WAS,28,28,10.97,1.64,null,FanDuel,6700
69,Julian Edelman,NE,WR,1,MIA,32,31,10.96,1.64,null,FanDuel,6700
69,DeVante Parker,MIA,WR,1,NE,1,1,10.41,1.55,null,FanDuel,6700
75,Joe Burrow,CIN,QB,1,LAC,7,7,15.68,2.38,null,FanDuel,6600
75,Kenyan Drake,ARI,RB,1,SF,4,3,14.1,2.14,null,FanDuel,6600
75,Calvin Ridley,ATL,WR,1,SEA,19,15,12.35,1.87,null,FanDuel,6600
75,DJ Chark Jr.,JAX,WR,1,IND,18,26,11.81,1.79,null,FanDuel,6600
75,Stefon Diggs,BUF,WR,1,NYJ,13,25,11.33,1.72,null,FanDuel,6600
75,Melvin Gordon III,DEN,RB,1,TEN,17,16,11.3,1.71,null,FanDuel,6600
81,Dwayne Haskins Jr.,WAS,QB,1,PHI,16,14,13.16,2.02,null,FanDuel,6500
81,Le'Veon Bell,NYJ,RB,1,BUF,2,13,12.34,1.9,null,FanDuel,6500
81,Terry McLaurin,WAS,WR,1,PHI,16,30,12.31,1.89,null,FanDuel,6500
81,T.Y. Hilton,IND,WR,1,JAX,22,10,11.39,1.75,null,FanDuel,6500
85,Ryan Fitzpatrick,MIA,QB,1,NE,1,1,14.49,2.26,null,FanDuel,6400
85,DK Metcalf,SEA,WR,1,ATL,21,17,11.3,1.77,null,FanDuel,6400
87,David Johnson,HOU,RB,1,KC,11,27,12.49,1.98,null,FanDuel,6300
87,Devin Singletary,BUF,RB,1,NYJ,13,9,11.01,1.75,null,FanDuel,6300
87,Jarvis Landry,CLE,WR,1,BAL,3,12,9.97,1.58,null,FanDuel,6300
87,Evan Engram,NYG,TE,1,PIT,5,13,8.89,1.41,null,FanDuel,6300
87,Nick Foles,CHI,QB,1,DET,30,28,1.28,0.2,null,FanDuel,6300
92,Marvin Jones Jr.,DET,WR,1,CHI,6,5,11.76,1.9,null,FanDuel,6200
92,Raheem Mostert,SF,RB,1,ARI,31,21,11.54,1.86,null,FanDuel,6200
92,Michael Gallup,DAL,WR,1,LAR,14,12,11.21,1.81,null,FanDuel,6200
92,A.J. Green,CIN,WR,1,LAC,7,4,10.51,1.7,null,FanDuel,6200
92,Tua Tagovailoa,MIA,QB,1,NE,1,1,0.17,0.03,null,FanDuel,6200
97,Tyler Boyd,CIN,WR,1,LAC,7,4,10.65,1.75,null,FanDuel,6100
97,Marlon Mack,IND,RB,1,JAX,22,31,10.12,1.66,null,FanDuel,6100
97,John Brown,BUF,WR,1,NYJ,13,25,9.03,1.48,null,FanDuel,6100
97,Justin Herbert,LAC,QB,1,CIN,24,27,0.51,0.08,null,FanDuel,6100
101,Will Fuller V,HOU,WR,1,KC,11,3,10.98,1.83,null,FanDuel,6000
101,Jamison Crowder,NYJ,WR,1,BUF,2,2,10.05,1.68,null,FanDuel,6000
101,Hunter Henry,LAC,TE,1,CIN,24,12,9.35,1.56,null,FanDuel,6000
101,Sony Michel,NE,RB,1,MIA,32,28,9.17,1.53,null,FanDuel,6000
101,Easton Stick,LAC,QB,1,CIN,24,27,1.14,0.19,null,FanDuel,6000
101,John Wolford,LAR,QB,1,DAL,9,13,1,0.17,null,FanDuel,6000
101,Jameis Winston,NO,QB,1,TB,23,23,0.83,0.14,null,FanDuel,6000
101,David Blough,DET,QB,1,CHI,6,6,0.82,0.14,null,FanDuel,6000
101,Andy Dalton,DAL,QB,1,LAR,14,11,0.79,0.13,null,FanDuel,6000
101,Mason Rudolph,PIT,QB,1,NYG,29,30,0.76,0.13,null,FanDuel,6000
101,Kyle Allen,WAS,QB,1,PHI,16,14,0.75,0.12,null,FanDuel,6000
101,Nathan Peterman,LV,QB,1,CAR,26,16,0.72,0.12,null,FanDuel,6000
101,Nick Mullens,SF,QB,1,ARI,31,32,0.69,0.12,null,FanDuel,6000
101,Blaine Gabbert,TB,QB,1,NO,15,20,0.65,0.11,null,FanDuel,6000
101,Matt Schaub,ATL,QB,1,SEA,19,15,0.61,0.1,null,FanDuel,6000
101,Jacoby Brissett,IND,QB,1,JAX,22,19,0.37,0.06,null,FanDuel,6000
101,Robert Griffin III,BAL,QB,1,CLE,20,21,0.35,0.06,null,FanDuel,6000
101,Matt Barkley,BUF,QB,1,NYJ,13,17,0.33,0.06,null,FanDuel,6000
101,Ryan Finley,CIN,QB,1,LAC,7,7,0.23,0.04,null,FanDuel,6000
101,Logan Woodside,TEN,QB,1,DEN,8,9,0.19,0.03,null,FanDuel,6000
101,Jeff Driskel,DEN,QB,1,TEN,17,18,0.19,0.03,null,FanDuel,6000
101,Case Keenum,CLE,QB,1,BAL,3,2,0.18,0.03,null,FanDuel,6000
101,Geno Smith,SEA,QB,1,ATL,21,25,0.17,0.03,null,FanDuel,6000
101,Chase Daniel,DET,QB,1,CHI,6,6,0.16,0.03,null,FanDuel,6000
101,Chad Henne,KC,QB,1,HOU,27,29,0.16,0.03,null,FanDuel,6000
101,AJ McCarron,HOU,QB,1,KC,11,12,0.14,0.02,null,FanDuel,6000
101,Colt McCoy,NYG,QB,1,PIT,5,4,0.14,0.02,null,FanDuel,6000
101,Brian Hoyer,NE,QB,1,MIA,32,31,0.13,0.02,null,FanDuel,6000
101,Sean Mannion,MIN,QB,1,GB,12,5,0.12,0.02,null,FanDuel,6000
101,Nate Sudfeld,PHI,QB,1,WAS,28,24,0.12,0.02,null,FanDuel,6000
101,Tim Boyle,GB,QB,1,MIN,10,8,0.1,0.02,null,FanDuel,6000
101,Will Grier,CAR,QB,1,LV,25,26,0.05,0.01,null,FanDuel,6000
101,Chad Kelly,IND,QB,1,JAX,22,19,0,0,null,FanDuel,6000
101,Nate Stanley,MIN,QB,1,GB,12,5,0,0,null,FanDuel,6000
101,Tyler Bray,CHI,QB,1,DET,30,28,0,0,null,FanDuel,6000
101,Kurt Benkert,ATL,QB,1,SEA,19,15,0,0,null,FanDuel,6000
101,Darius Bradwell,LAC,RB,1,CIN,24,24,0,0,null,FanDuel,6000
101,DeShone Kizer,LV,QB,1,CAR,26,16,0,0,null,FanDuel,6000
101,Tyler Huntley,BAL,QB,1,CLE,20,21,0,0,null,FanDuel,6000
101,Brandon Allen,CIN,QB,1,LAC,7,7,0,0,null,FanDuel,6000
101,Jordan Ta'amu,KC,QB,1,HOU,27,29,0,0,null,FanDuel,6000
101,Tommy Stevens,NO,TE,1,TB,23,25,0,0,null,FanDuel,6000
101,Joe Flacco,NYJ,QB,1,BUF,2,3,0,0,null,FanDuel,6000
101,Steven Montez,WAS,QB,1,PHI,16,14,0,0,null,FanDuel,6000
101,Matt Moore,KC,QB,1,HOU,27,29,0,0,null,FanDuel,6000
101,Marcus Mariota,LV,QB,1,CAR,26,16,0,0,null,FanDuel,6000
101,Deebo Samuel,SF,WR,1,ARI,31,22,0,0,null,FanDuel,6000
101,Mike Glennon,JAX,QB,1,IND,18,22,0,0,null,FanDuel,6000
101,P.J. Walker,CAR,QB,1,LV,25,26,0,0,null,FanDuel,6000
101,Davis Webb,BUF,QB,1,NYJ,13,17,0,0,null,FanDuel,6000
101,Josh Rosen,TB,QB,1,NO,15,20,0,0,null,FanDuel,6000
101,Ryan Griffin,TB,QB,1,NO,15,20,0,0,null,FanDuel,6000
101,David Fales,NYJ,QB,1,BUF,2,3,0,0,null,FanDuel,6000
101,Trace McSorley,BAL,QB,1,CLE,20,21,0,0,null,FanDuel,6000
101,Kyle Lauletta,ATL,QB,1,SEA,19,15,0,0,null,FanDuel,6000
101,Brett Hundley,ARI,QB,1,SF,4,10,0,0,null,FanDuel,6000
101,Jake Rudock,MIA,QB,1,NE,1,1,0,0,null,FanDuel,6000
101,C.J. Beathard,SF,QB,1,ARI,31,32,0,0,null,FanDuel,6000
101,Bryce Perkins,LAR,QB,1,DAL,9,13,0,0,null,FanDuel,6000
101,Jordan Love,GB,QB,1,MIN,10,8,0,0,null,FanDuel,6000
101,Garrett Gilbert,CLE,QB,1,BAL,3,2,0,0,null,FanDuel,6000
101,Jake Browning,MIN,QB,1,GB,12,5,0,0,null,FanDuel,6000
101,Joshua Dobbs,PIT,QB,1,NYG,29,30,0,0,null,FanDuel,6000
101,Jake Fromm,BUF,QB,1,NYJ,13,17,0,0,null,FanDuel,6000
101,Jarrett Stidham,NE,QB,1,MIA,32,31,0,0,null,FanDuel,6000
101,Devlin Hodges,PIT,QB,1,NYG,29,30,0,0,null,FanDuel,6000
101,Cooper Rush,NYG,QB,1,PIT,5,4,0,0,null,FanDuel,6000
101,Jake Luton,JAX,QB,1,IND,18,22,0,0,null,FanDuel,6000
101,Jacob Eason,IND,QB,1,JAX,22,19,0,0,null,FanDuel,6000
101,Brett Rypien,DEN,QB,1,TEN,17,18,0,0,null,FanDuel,6000
101,Trevor Siemian,TEN,QB,1,DEN,8,9,0,0,null,FanDuel,6000
101,Alex Smith,WAS,QB,1,PHI,16,14,0,0,null,FanDuel,6000
101,James Morgan,NYJ,QB,1,BUF,2,3,0,0,null,FanDuel,6000
101,Chris Streveler,ARI,QB,1,SF,4,10,0,0,null,FanDuel,6000
101,Jalen Hurts,PHI,QB,1,WAS,28,24,0,0,null,FanDuel,6000
101,Danny Etling,SEA,QB,1,ATL,21,25,0,0,null,FanDuel,6000
101,Ben DiNucci,DAL,QB,1,LAR,14,11,0,0,null,FanDuel,6000
178,Diontae Johnson,PIT,WR,1,NYG,29,28,9.9,1.68,null,FanDuel,5900
178,David Montgomery,CHI,RB,1,DET,30,29,9.49,1.61,null,FanDuel,5900
178,Jared Cook,NO,TE,1,TB,23,25,8.46,1.43,null,FanDuel,5900
178,Mike Williams,LAC,WR,1,CIN,24,18,5.14,0.87,null,FanDuel,5900
182,Marquise Brown,BAL,WR,1,CLE,20,8,10.48,1.81,null,FanDuel,5800
182,Cam Akers,LAR,RB,1,DAL,9,12,9.92,1.71,null,FanDuel,5800
182,Tyler Higbee,LAR,TE,1,DAL,9,26,9.12,1.57,null,FanDuel,5800
182,Christian Kirk,ARI,WR,1,SF,4,14,8.97,1.55,null,FanDuel,5800
182,Kareem Hunt,CLE,RB,1,BAL,3,8,8.92,1.54,null,FanDuel,5800
187,Ronald Jones II,TB,RB,1,NO,15,4,10.05,1.76,null,FanDuel,5700
187,Sterling Shepard,NYG,WR,1,PIT,5,6,9.63,1.69,null,FanDuel,5700
187,Brandin Cooks,HOU,WR,1,KC,11,3,7.95,1.39,null,FanDuel,5700
187,Breshad Perriman,NYJ,WR,1,BUF,2,2,7.56,1.33,null,FanDuel,5700
187,Kendrick Bourne,SF,WR,1,ARI,31,22,7.5,1.32,null,FanDuel,5700
187,Austin Hooper,CLE,TE,1,BAL,3,1,7.29,1.28,null,FanDuel,5700
193,DeSean Jackson,PHI,WR,1,WAS,28,21,10.47,1.87,null,FanDuel,5600
193,Kerryon Johnson,DET,RB,1,CHI,6,15,9.3,1.66,null,FanDuel,5600
193,Robby Anderson,CAR,WR,1,LV,25,23,8.1,1.45,null,FanDuel,5600
193,Tyrell Williams,LV,WR,1,CAR,26,19,1.63,0.29,null,FanDuel,5600
193,Golden Tate,NYG,WR,1,PIT,5,6,0,0,null,FanDuel,5600
198,Anthony Miller,CHI,WR,1,DET,30,29,9.14,1.66,null,FanDuel,5500
198,Allen Lazard,GB,WR,1,MIN,10,24,7.89,1.43,null,FanDuel,5500
198,Jordan Howard,MIA,RB,1,NE,1,1,7.76,1.41,null,FanDuel,5500
198,Rob Gronkowski,TB,TE,1,NO,15,9,7.49,1.36,null,FanDuel,5500
198,Phillip Lindsay,DEN,RB,1,TEN,17,16,7.26,1.32,null,FanDuel,5500
198,Dede Westbrook,JAX,WR,1,IND,18,26,0,0,null,FanDuel,5500
204,Emmanuel Sanders,NO,WR,1,TB,23,32,9.34,1.73,null,FanDuel,5400
204,Sammy Watkins,KC,WR,1,HOU,27,20,8.24,1.53,null,FanDuel,5400
204,Curtis Samuel,CAR,WR,1,LV,25,23,8,1.48,null,FanDuel,5400
204,Noah Fant,DEN,TE,1,TEN,17,27,7.74,1.43,null,FanDuel,5400
204,Mike Gesicki,MIA,TE,1,NE,1,10,7.49,1.39,null,FanDuel,5400
204,Cole Beasley,BUF,WR,1,NYJ,13,25,6.86,1.27,null,FanDuel,5400
204,Duke Johnson,HOU,RB,1,KC,11,27,6.52,1.21,null,FanDuel,5400
204,Tevin Coleman,SF,RB,1,ARI,31,21,5.47,1.01,null,FanDuel,5400
212,Jonathan Taylor,IND,RB,1,JAX,22,31,10.47,1.98,null,FanDuel,5300
212,James White,NE,RB,1,MIA,32,28,10.27,1.94,null,FanDuel,5300
212,Preston Williams,MIA,WR,1,NE,1,1,8.73,1.65,null,FanDuel,5300
212,Hayden Hurst,ATL,TE,1,SEA,19,30,8.33,1.57,null,FanDuel,5300
212,Darius Slayton,NYG,WR,1,PIT,5,6,8.21,1.55,null,FanDuel,5300
212,T.J. Hockenson,DET,TE,1,CHI,6,18,8.16,1.54,null,FanDuel,5300
212,Blake Jarwin,DAL,TE,1,LAR,14,21,7.45,1.41,null,FanDuel,5300
212,Jack Doyle,IND,TE,1,JAX,22,20,7.12,1.34,null,FanDuel,5300
212,Larry Fitzgerald,ARI,WR,1,SF,4,14,6.66,1.26,null,FanDuel,5300
212,J.J. Arcega-Whiteside,PHI,WR,1,WAS,28,21,4.8,0.91,null,FanDuel,5300
212,LeSean McCoy,TB,RB,1,NO,15,4,4.04,0.76,null,FanDuel,5300
223,CeeDee Lamb,DAL,WR,1,LAR,14,12,9.69,1.86,null,FanDuel,5200
223,Jerry Jeudy,DEN,WR,1,TEN,17,16,9.18,1.77,null,FanDuel,5200
223,Tarik Cohen,CHI,RB,1,DET,30,29,8.28,1.59,null,FanDuel,5200
223,Dallas Goedert,PHI,TE,1,WAS,28,28,7.35,1.41,null,FanDuel,5200
223,Hunter Renfrow,LV,WR,1,CAR,26,19,7.25,1.39,null,FanDuel,5200
223,Matt Breida,MIA,RB,1,NE,1,1,7.22,1.39,null,FanDuel,5200
223,J.K. Dobbins,BAL,RB,1,CLE,20,25,5.76,1.11,null,FanDuel,5200
223,Zach Pascal,IND,WR,1,JAX,22,10,5.06,0.97,null,FanDuel,5200
223,Kyle Rudolph,MIN,TE,1,GB,12,17,4.94,0.95,null,FanDuel,5200
223,Darrell Henderson Jr.,LAR,RB,1,DAL,9,12,3.49,0.67,null,FanDuel,5200
223,Brandon Aiyuk,SF,WR,1,ARI,31,22,0,0,null,FanDuel,5200
234,Henry Ruggs III,LV,WR,1,CAR,26,19,9.33,1.83,null,FanDuel,5100
234,N'Keal Harry,NE,WR,1,MIA,32,31,7.73,1.52,null,FanDuel,5100
234,James Washington,PIT,WR,1,NYG,29,28,7.56,1.48,null,FanDuel,5100
234,Danny Amendola,DET,WR,1,CHI,6,5,7.53,1.48,null,FanDuel,5100
234,Steven Sims Jr.,WAS,WR,1,PHI,16,30,7.43,1.46,null,FanDuel,5100
234,Parris Campbell,IND,WR,1,JAX,22,10,7.42,1.45,null,FanDuel,5100
234,Rex Burkhead,NE,RB,1,MIA,32,28,6.83,1.34,null,FanDuel,5100
234,Ian Thomas,CAR,TE,1,LV,25,31,6.68,1.31,null,FanDuel,5100
234,Chris Conley,JAX,WR,1,IND,18,26,6.59,1.29,null,FanDuel,5100
234,Latavius Murray,NO,RB,1,TB,23,2,6.17,1.21,null,FanDuel,5100
234,D'Andre Swift,DET,RB,1,CHI,6,15,5.86,1.15,null,FanDuel,5100
234,Adrian Peterson,DET,RB,1,CHI,6,15,5.19,1.02,null,FanDuel,5100
234,Tony Pollard,DAL,RB,1,LAR,14,17,4.68,0.92,null,FanDuel,5100
234,John Ross III,CIN,WR,1,LAC,7,4,4.59,0.9,null,FanDuel,5100
234,Willie Snead IV,BAL,WR,1,CLE,20,8,4.1,0.8,null,FanDuel,5100
234,Albert Wilson,MIA,WR,1,NE,1,1,0,0,null,FanDuel,5100
250,San Francisco 49ers,SF,DST,1,ARI,null,null,8.7,1.74,null,FanDuel,5000
250,Mecole Hardman,KC,WR,1,HOU,27,20,8.09,1.62,null,FanDuel,5000
250,Randall Cobb,HOU,WR,1,KC,11,3,7.65,1.53,null,FanDuel,5000
250,Jalen Reagor,PHI,WR,1,WAS,28,21,7.62,1.52,null,FanDuel,5000
250,Corey Davis,TEN,WR,1,DEN,8,9,6.66,1.33,null,FanDuel,5000
250,Eric Ebron,PIT,TE,1,NYG,29,23,6.59,1.32,null,FanDuel,5000
250,Jerick McKinnon,SF,RB,1,ARI,31,21,6.46,1.29,null,FanDuel,5000
250,Justin Jefferson,MIN,WR,1,GB,12,11,6.11,1.22,null,FanDuel,5000
250,Jimmy Graham,CHI,TE,1,DET,30,15,5.03,1.01,null,FanDuel,5000
250,Carlos Hyde,SEA,RB,1,ATL,21,11,4.72,0.94,null,FanDuel,5000
250,Malcolm Brown,LAR,RB,1,DAL,9,12,4.67,0.93,null,FanDuel,5000
250,Chase Edmonds,ARI,RB,1,SF,4,3,3.56,0.71,null,FanDuel,5000
250,Antonio Gandy-Golden,WAS,WR,1,PHI,16,30,3.11,0.62,null,FanDuel,5000
250,Cordarrelle Patterson,CHI,WR,1,DET,30,29,3.09,0.62,null,FanDuel,5000
250,Dante Pettis,SF,WR,1,ARI,31,22,3.07,0.61,null,FanDuel,5000
250,Taysom Hill,NO,QB,1,TB,23,23,1.51,0.3,null,FanDuel,5000
250,Ke'Shawn Vaughn,TB,RB,1,NO,15,4,0.97,0.19,null,FanDuel,5000
250,Allen Hurns,MIA,WR,1,NE,1,1,0,0,null,FanDuel,5000
250,Phillip Dorsett II,SEA,WR,1,ATL,21,17,0,0,null,FanDuel,5000
250,Alshon Jeffery,PHI,WR,1,WAS,28,21,0,0,null,FanDuel,5000
270,Boston Scott,PHI,RB,1,WAS,28,30,12.42,2.53,null,FanDuel,4900
270,Chris Thompson,JAX,RB,1,IND,18,6,7.61,1.55,null,FanDuel,4900
270,Michael Pittman Jr.,IND,WR,1,JAX,22,10,7.07,1.44,null,FanDuel,4900
270,Jonnu Smith,TEN,TE,1,DEN,8,14,6.93,1.41,null,FanDuel,4900
270,Miles Boykin,BAL,WR,1,CLE,20,8,6.13,1.25,null,FanDuel,4900
270,Greg Olsen,SEA,TE,1,ATL,21,19,6.11,1.25,null,FanDuel,4900
270,Nyheim Hines,IND,RB,1,JAX,22,31,5.64,1.15,null,FanDuel,4900
270,Jamaal Williams,GB,RB,1,MIN,10,14,5.2,1.06,null,FanDuel,4900
270,Alexander Mattison,MIN,RB,1,GB,12,23,5.14,1.05,null,FanDuel,4900
270,Bisi Johnson,MIN,WR,1,GB,12,11,5.08,1.04,null,FanDuel,4900
270,Tre'Quan Smith,NO,WR,1,TB,23,32,4.91,1,null,FanDuel,4900
270,Kenny Stills,HOU,WR,1,KC,11,3,4.78,0.98,null,FanDuel,4900
270,Will Dissly,SEA,TE,1,ATL,21,19,4.47,0.91,null,FanDuel,4900
270,Adam Humphries,TEN,WR,1,DEN,8,9,4.31,0.88,null,FanDuel,4900
270,David Moore,SEA,WR,1,ATL,21,17,3.97,0.81,null,FanDuel,4900
270,Greg Ward,PHI,WR,1,WAS,28,21,3.41,0.7,null,FanDuel,4900
270,Tee Higgins,CIN,WR,1,LAC,7,4,3.4,0.69,null,FanDuel,4900
270,Peyton Barber,WAS,RB,1,PHI,16,7,3.37,0.69,null,FanDuel,4900
270,Ted Ginn Jr.,CHI,WR,1,DET,30,29,3.29,0.67,null,FanDuel,4900
270,Gus Edwards,BAL,RB,1,CLE,20,25,3.01,0.61,null,FanDuel,4900
270,Ito Smith,ATL,RB,1,SEA,19,20,2.95,0.6,null,FanDuel,4900
270,Nelson Agholor,LV,WR,1,CAR,26,19,2.54,0.52,null,FanDuel,4900
270,DeAndre Washington,KC,RB,1,HOU,27,26,0.99,0.2,null,FanDuel,4900
270,Denzel Mims,NYJ,WR,1,BUF,2,2,0,0,null,FanDuel,4900
294,Pittsburgh Steelers,PIT,DST,1,NYG,null,null,9.3,1.94,null,FanDuel,4800
294,Baltimore Ravens,BAL,DST,1,CLE,null,null,8.7,1.81,null,FanDuel,4800
294,Russell Gage,ATL,WR,1,SEA,19,15,6.42,1.34,null,FanDuel,4800
294,Zack Moss,BUF,RB,1,NYJ,13,9,6.26,1.3,null,FanDuel,4800
294,Jalen Richard,LV,RB,1,CAR,26,32,5.89,1.23,null,FanDuel,4800
294,Irv Smith Jr.,MIN,TE,1,GB,12,17,5.4,1.12,null,FanDuel,4800
294,Brian Hill,ATL,RB,1,SEA,19,20,4.94,1.03,null,FanDuel,4800
294,Giovani Bernard,CIN,RB,1,LAC,7,22,4,0.83,null,FanDuel,4800
294,Frank Gore,NYJ,RB,1,BUF,2,13,3.91,0.81,null,FanDuel,4800
294,Justin Watson,TB,WR,1,NO,15,27,3.69,0.77,null,FanDuel,4800
294,Josh Reynolds,LAR,WR,1,DAL,9,7,3.63,0.76,null,FanDuel,4800
294,DaeSean Hamilton,DEN,WR,1,TEN,17,16,2.99,0.62,null,FanDuel,4800
294,Royce Freeman,DEN,RB,1,TEN,17,16,2.89,0.6,null,FanDuel,4800
294,Taja√© Sharpe,MIN,WR,1,GB,12,11,1.88,0.39,null,FanDuel,4800
294,Dion Lewis,NYG,RB,1,PIT,5,5,1.87,0.39,null,FanDuel,4800
294,Zay Jones,LV,WR,1,CAR,26,19,1.21,0.25,null,FanDuel,4800
294,Reggie Bonnafon,CAR,RB,1,LV,25,19,0.73,0.15,null,FanDuel,4800
294,Pharoh Cooper,CAR,WR,1,LV,25,23,0.63,0.13,null,FanDuel,4800
294,Richie James Jr.,SF,WR,1,ARI,31,22,0.28,0.06,null,FanDuel,4800
294,Rashaad Penny,SEA,RB,1,ATL,21,11,0.12,0.02,null,FanDuel,4800
294,KeeSean Johnson,ARI,WR,1,SF,4,14,0.11,0.02,null,FanDuel,4800
294,Tavon Austin,SF,WR,1,ARI,31,22,0.02,0,null,FanDuel,4800
294,Dare Ogunbowale,JAX,RB,1,IND,18,6,0,0,null,FanDuel,4800
294,Jonathan Williams,DET,RB,1,CHI,6,15,0,0,null,FanDuel,4800
294,Ryquell Armstead,JAX,RB,1,IND,18,6,0,0,null,FanDuel,4800
294,Trey Burton,IND,TE,1,JAX,22,20,0,0,null,FanDuel,4800
294,Justice Hill,BAL,RB,1,CLE,20,25,0,0,null,FanDuel,4800
321,Buffalo Bills,BUF,DST,1,NYJ,null,null,9.1,1.94,null,FanDuel,4700
321,Chris Herndon,NYJ,TE,1,BUF,2,5,7.11,1.51,null,FanDuel,4700
321,O.J. Howard,TB,TE,1,NO,15,9,5.34,1.14,null,FanDuel,4700
321,Dawson Knox,BUF,TE,1,NYJ,13,3,5.17,1.1,null,FanDuel,4700
321,Marvin Hall,DET,WR,1,CHI,6,5,4.42,0.94,null,FanDuel,4700
321,Trent Taylor,SF,WR,1,ARI,31,22,3.92,0.83,null,FanDuel,4700
321,Marquez Valdes-Scantling,GB,WR,1,MIN,10,24,3.7,0.79,null,FanDuel,4700
321,Jakobi Meyers,NE,WR,1,MIA,32,31,3.37,0.72,null,FanDuel,4700
321,Devin Duvernay,BAL,WR,1,CLE,20,8,3.16,0.67,null,FanDuel,4700
321,A.J. Dillon,GB,RB,1,MIN,10,14,3.12,0.66,null,FanDuel,4700
321,Jaylen Samuels,PIT,RB,1,NYG,29,18,2.97,0.63,null,FanDuel,4700
321,Patrick Laird,MIA,RB,1,NE,1,1,2.81,0.6,null,FanDuel,4700
321,Darwin Thompson,KC,RB,1,HOU,27,26,1.98,0.42,null,FanDuel,4700
321,Seth Roberts,CAR,WR,1,LV,25,23,1.49,0.32,null,FanDuel,4700
321,Trent Sherfield,ARI,WR,1,SF,4,14,0.98,0.21,null,FanDuel,4700
321,Christian Blake,ATL,WR,1,SEA,19,15,0.85,0.18,null,FanDuel,4700
321,Ameer Abdullah,MIN,RB,1,GB,12,23,0.78,0.17,null,FanDuel,4700
321,KhaDarel Hodge,CLE,WR,1,BAL,3,12,0.59,0.13,null,FanDuel,4700
321,Bennie Fowler,NO,WR,1,TB,23,32,0.3,0.06,null,FanDuel,4700
321,Bo Scarbrough,DET,RB,1,CHI,6,15,0.23,0.05,null,FanDuel,4700
321,K.J. Hamler,DEN,WR,1,TEN,17,16,0,0,null,FanDuel,4700
321,Andre Patton,ARI,WR,1,SF,4,14,0,0,null,FanDuel,4700
321,Chris Moore,BAL,WR,1,CLE,20,8,0,0,null,FanDuel,4700
321,Keke Coutee,HOU,WR,1,KC,11,3,0,0,null,FanDuel,4700
321,Jalen Hurd,SF,WR,1,ARI,31,22,0,0,null,FanDuel,4700
346,Antonio Gibson,WAS,RB,1,PHI,16,7,10.46,2.27,null,FanDuel,4600
346,New England Patriots,NE,DST,1,MIA,null,null,9.1,1.98,null,FanDuel,4600
346,Laviska Shenault Jr.,JAX,WR,1,IND,18,26,7.42,1.61,null,FanDuel,4600
346,Darrel Williams,KC,RB,1,HOU,27,26,6.58,1.43,null,FanDuel,4600
346,Tyler Eifert,JAX,TE,1,IND,18,11,5.5,1.2,null,FanDuel,4600
346,Van Jefferson,LAR,WR,1,DAL,9,7,5.13,1.12,null,FanDuel,4600
346,Gerald Everett,LAR,TE,1,DAL,9,26,4.86,1.06,null,FanDuel,4600
346,C.J. Uzomah,CIN,TE,1,LAC,7,8,4.76,1.03,null,FanDuel,4600
346,Tim Patrick,DEN,WR,1,TEN,17,16,4.49,0.98,null,FanDuel,4600
346,Benny Snell Jr.,PIT,RB,1,NYG,29,18,4.35,0.95,null,FanDuel,4600
346,Chris Hogan,NYJ,WR,1,BUF,2,2,4.34,0.94,null,FanDuel,4600
346,Damiere Byrd,NE,WR,1,MIA,32,31,4.23,0.92,null,FanDuel,4600
346,Demarcus Robinson,KC,WR,1,HOU,27,20,3.84,0.83,null,FanDuel,4600
346,Nick Boyle,BAL,TE,1,CLE,20,29,3.65,0.79,null,FanDuel,4600
346,J.D. McKissic,WAS,RB,1,PHI,16,7,3.47,0.75,null,FanDuel,4600
346,Rashard Higgins,CLE,WR,1,BAL,3,12,3.46,0.75,null,FanDuel,4600
346,Kyle Juszczyk,SF,RB,1,ARI,31,21,3.17,0.69,null,FanDuel,4600
346,Kalif Raymond,TEN,WR,1,DEN,8,9,3.15,0.68,null,FanDuel,4600
346,Andy Isabella,ARI,WR,1,SF,4,14,3,0.65,null,FanDuel,4600
346,Keelan Cole,JAX,WR,1,IND,18,26,2.93,0.64,null,FanDuel,4600
346,Isaiah Ford,MIA,WR,1,NE,1,1,2.7,0.59,null,FanDuel,4600
346,Joe Reed,LAC,WR,1,CIN,24,18,2.49,0.54,null,FanDuel,4600
346,James Proche II,BAL,WR,1,CLE,20,8,2.31,0.5,null,FanDuel,4600
346,Mike Davis,CAR,RB,1,LV,25,19,2.31,0.5,null,FanDuel,4600
346,Myles Gaskin,MIA,RB,1,NE,1,1,1.93,0.42,null,FanDuel,4600
346,Alex Erickson,CIN,WR,1,LAC,7,4,1.53,0.33,null,FanDuel,4600
346,Mike Boone,MIN,RB,1,GB,12,23,1.45,0.32,null,FanDuel,4600
346,Jeff Wilson Jr.,SF,RB,1,ARI,31,21,1.4,0.3,null,FanDuel,4600
346,Devontae Booker,LV,RB,1,CAR,26,32,1.4,0.3,null,FanDuel,4600
346,Ty Montgomery,NO,RB,1,TB,23,2,1.27,0.28,null,FanDuel,4600
346,Travis Homer,SEA,RB,1,ATL,21,11,1.17,0.25,null,FanDuel,4600
346,Isaiah McKenzie,BUF,WR,1,NYJ,13,25,1.06,0.23,null,FanDuel,4600
346,Javon Wims,CHI,WR,1,DET,30,29,0.94,0.2,null,FanDuel,4600
346,Jordan Wilkins,IND,RB,1,JAX,22,31,0.84,0.18,null,FanDuel,4600
346,Olamide Zaccheaus,ATL,WR,1,SEA,19,15,0.74,0.16,null,FanDuel,4600
346,DeAndre Carter,HOU,WR,1,KC,11,3,0.72,0.16,null,FanDuel,4600
346,Deonte Harris,NO,WR,1,TB,23,32,0.52,0.11,null,FanDuel,4600
346,Deon Cain,PIT,WR,1,NYG,29,28,0.49,0.11,null,FanDuel,4600
346,Tyler Ervin,GB,RB,1,MIN,10,14,0.43,0.09,null,FanDuel,4600
346,Trey Quinn,JAX,WR,1,IND,18,26,0.43,0.09,null,FanDuel,4600
346,Jake Kumerow,BUF,WR,1,NYJ,13,25,0.28,0.06,null,FanDuel,4600
346,Travis Benjamin,SF,WR,1,ARI,31,22,0.16,0.03,null,FanDuel,4600
346,Elijah McGuire,DAL,RB,1,LAR,14,17,0.03,0.01,null,FanDuel,4600
346,Travis Fulgham,PHI,WR,1,WAS,28,21,0.02,0,null,FanDuel,4600
346,Qadree Ollison,ATL,RB,1,SEA,19,20,0,0,null,FanDuel,4600
346,T.J. Yeldon,BUF,RB,1,NYJ,13,9,0,0,null,FanDuel,4600
346,Darrynton Evans,TEN,RB,1,DEN,8,10,0,0,null,FanDuel,4600
346,Johnny Holton,NYG,WR,1,PIT,5,6,0,0,null,FanDuel,4600
346,Lynn Bowden Jr.,MIA,WR,1,NE,1,1,0,0,null,FanDuel,4600
346,Tyler Johnson,TB,WR,1,NO,15,27,0,0,null,FanDuel,4600
346,Jaleel Scott,NYJ,WR,1,BUF,2,2,0,0,null,FanDuel,4600
346,Eno Benjamin,ARI,RB,1,SF,4,3,0,0,null,FanDuel,4600
398,James Robinson,JAX,RB,1,IND,18,6,9.56,2.12,null,FanDuel,4500
398,Philadelphia Eagles,PHI,DST,1,WAS,null,null,8.4,1.87,null,FanDuel,4500
398,Denver Broncos,DEN,DST,1,TEN,null,null,7.4,1.64,null,FanDuel,4500
398,Bryan Edwards,LV,WR,1,CAR,26,19,7.11,1.58,null,FanDuel,4500
398,Scotty Miller,TB,WR,1,NO,15,27,4.8,1.07,null,FanDuel,4500
398,Quintez Cephus,DET,WR,1,CHI,6,5,4.51,1,null,FanDuel,4500
398,Corey Clement,PHI,RB,1,WAS,28,30,4.38,0.97,null,FanDuel,4500
398,Joshua Kelley,LAC,RB,1,CIN,24,24,4.24,0.94,null,FanDuel,4500
398,Darren Fells,HOU,TE,1,KC,11,22,4.14,0.92,null,FanDuel,4500
398,Jakeem Grant Sr.,MIA,WR,1,NE,1,1,4.01,0.89,null,FanDuel,4500
398,Dontrelle Inman,WAS,WR,1,PHI,16,30,3.94,0.88,null,FanDuel,4500
398,Justin Jackson,LAC,RB,1,CIN,24,24,3.66,0.81,null,FanDuel,4500
398,Auden Tate,CIN,WR,1,LAC,7,4,3.61,0.8,null,FanDuel,4500
398,Chase Claypool,PIT,WR,1,NYG,29,28,2.94,0.65,null,FanDuel,4500
398,Jason Witten,LV,TE,1,CAR,26,7,2.75,0.61,null,FanDuel,4500
398,John Hightower,PHI,WR,1,WAS,28,21,2.59,0.58,null,FanDuel,4500
398,Cole Kmet,CHI,TE,1,DET,30,15,2.58,0.57,null,FanDuel,4500
398,Freddie Swain,SEA,WR,1,ATL,21,17,2.44,0.54,null,FanDuel,4500
398,Jason Huntley,PHI,RB,1,WAS,28,30,2.42,0.54,null,FanDuel,4500
398,Ryan Nall,CHI,RB,1,DET,30,29,2.37,0.53,null,FanDuel,4500
398,K.J. Hill Jr.,LAC,WR,1,CIN,24,18,2.21,0.49,null,FanDuel,4500
398,Isaiah Coulter,HOU,WR,1,KC,11,3,2.16,0.48,null,FanDuel,4500
398,Cedrick Wilson,DAL,WR,1,LAR,14,12,1.91,0.42,null,FanDuel,4500
398,Damion Ratley,NYG,WR,1,PIT,5,6,1.9,0.42,null,FanDuel,4500
398,Jalen Guyton,LAC,WR,1,CIN,24,18,1.78,0.4,null,FanDuel,4500
398,J.J. Taylor,NE,RB,1,MIA,32,28,1.76,0.39,null,FanDuel,4500
398,Darrius Shepherd,GB,WR,1,MIN,10,24,1.72,0.38,null,FanDuel,4500
398,Byron Pringle,KC,WR,1,HOU,27,20,1.54,0.34,null,FanDuel,4500
398,Samaje Perine,CIN,RB,1,LAC,7,22,1.46,0.32,null,FanDuel,4500
398,K.J. Osborn,MIN,WR,1,GB,12,11,1.38,0.31,null,FanDuel,4500
398,Gabriel Davis,BUF,WR,1,NYJ,13,25,1.2,0.27,null,FanDuel,4500
398,C.J. Ham,MIN,RB,1,GB,12,23,1.1,0.24,null,FanDuel,4500
398,Mack Hollins,MIA,WR,1,NE,1,1,1.08,0.24,null,FanDuel,4500
398,Braxton Berrios,NYJ,WR,1,BUF,2,2,1.07,0.24,null,FanDuel,4500
398,Jordan Thomas,ARI,TE,1,SF,4,4,0.96,0.21,null,FanDuel,4500
398,Senorise Perry,TEN,RB,1,DEN,8,10,0.95,0.21,null,FanDuel,4500
398,Collin Johnson,JAX,WR,1,IND,18,26,0.87,0.19,null,FanDuel,4500
398,Emanuel Hall,WAS,WR,1,PHI,16,30,0.86,0.19,null,FanDuel,4500
398,Tyrie Cleveland,DEN,WR,1,TEN,17,16,0.84,0.19,null,FanDuel,4500
398,Khari Blasingame,TEN,RB,1,DEN,8,10,0.83,0.18,null,FanDuel,4500
398,Wayne Gallman,NYG,RB,1,PIT,5,5,0.78,0.17,null,FanDuel,4500
398,Darnell Mooney,CHI,WR,1,DET,30,29,0.76,0.17,null,FanDuel,4500
398,C.J. Board,NYG,WR,1,PIT,5,6,0.75,0.17,null,FanDuel,4500
398,Malik Taylor,GB,WR,1,MIN,10,24,0.72,0.16,null,FanDuel,4500
398,Cody Hollister,TEN,WR,1,DEN,8,9,0.71,0.16,null,FanDuel,4500
398,Andre Roberts,BUF,WR,1,NYJ,13,25,0.69,0.15,null,FanDuel,4500
398,Chandler Cox,MIA,RB,1,NE,1,1,0.64,0.14,null,FanDuel,4500
398,John Ursua,SEA,WR,1,ATL,21,17,0.63,0.14,null,FanDuel,4500
398,Diontae Spencer,DEN,WR,1,TEN,17,16,0.6,0.13,null,FanDuel,4500
398,Ty Johnson,DET,RB,1,CHI,6,15,0.6,0.13,null,FanDuel,4500
398,Alec Ingold,LV,RB,1,CAR,26,32,0.57,0.13,null,FanDuel,4500
398,Brandon Powell,ATL,WR,1,SEA,19,15,0.57,0.13,null,FanDuel,4500
398,Dontrell Hilliard,CLE,RB,1,BAL,3,8,0.56,0.12,null,FanDuel,4500
398,Noah Brown,DAL,WR,1,LAR,14,12,0.55,0.12,null,FanDuel,4500
398,Josh Malone,NYJ,WR,1,BUF,2,2,0.51,0.11,null,FanDuel,4500
398,Patrick Ricard,BAL,RB,1,CLE,20,25,0.5,0.11,null,FanDuel,4500
398,Malik Turner,DAL,WR,1,LAR,14,12,0.49,0.11,null,FanDuel,4500
398,Jakob Johnson,NE,RB,1,MIA,32,28,0.48,0.11,null,FanDuel,4500
398,Andy Janovich,CLE,RB,1,BAL,3,8,0.47,0.1,null,FanDuel,4500
398,Robert Foster,GB,WR,1,MIN,10,24,0.45,0.1,null,FanDuel,4500
398,Buddy Howell,HOU,RB,1,KC,11,27,0.43,0.1,null,FanDuel,4500
398,Elijhaa Penny,NYG,RB,1,PIT,5,5,0.43,0.1,null,FanDuel,4500
398,Anthony Sherman,KC,RB,1,HOU,27,26,0.43,0.1,null,FanDuel,4500
398,Nsimba Webster,LAR,WR,1,DAL,9,7,0.39,0.09,null,FanDuel,4500
398,Mike Thomas,CIN,WR,1,LAC,7,4,0.36,0.08,null,FanDuel,4500
398,Ashton Dulin,IND,WR,1,JAX,22,10,0.36,0.08,null,FanDuel,4500
398,Rico Dowdle,DAL,RB,1,LAR,14,17,0.34,0.08,null,FanDuel,4500
398,Quez Watkins,PHI,WR,1,WAS,28,21,0.34,0.08,null,FanDuel,4500
398,Keith Smith,ATL,RB,1,SEA,19,20,0.33,0.07,null,FanDuel,4500
398,Derek Watt,PIT,RB,1,NYG,29,18,0.32,0.07,null,FanDuel,4500
398,Trenton Cannon,CAR,RB,1,LV,25,19,0.32,0.07,null,FanDuel,4500
398,Cody Core,NYG,WR,1,PIT,5,6,0.3,0.07,null,FanDuel,4500
398,Chris Thompson,SF,WR,1,ARI,31,22,0.29,0.06,null,FanDuel,4500
398,Brandon Zylstra,CAR,WR,1,LV,25,23,0.26,0.06,null,FanDuel,4500
398,Taiwan Jones,BUF,RB,1,NYJ,13,9,0.26,0.06,null,FanDuel,4500
398,Nick Bellore,SEA,RB,1,ATL,21,11,0.25,0.06,null,FanDuel,4500
398,Alexander Hollins,MIN,WR,1,GB,12,11,0.25,0.06,null,FanDuel,4500
398,Jamize Olawale,DAL,RB,1,LAR,14,17,0.23,0.05,null,FanDuel,4500
398,Kenjon Barner,TB,RB,1,NO,15,4,0.23,0.05,null,FanDuel,4500
398,Gehrig Dieter,KC,WR,1,HOU,27,20,0.23,0.05,null,FanDuel,4500
398,D'Ernest Johnson,CLE,RB,1,BAL,3,8,0.21,0.05,null,FanDuel,4500
398,Chad Hansen,HOU,WR,1,KC,11,3,0.21,0.05,null,FanDuel,4500
398,Keith Kirkwood,CAR,WR,1,LV,25,23,0.21,0.05,null,FanDuel,4500
398,Shelton Gibson,WAS,WR,1,PHI,16,30,0.2,0.04,null,FanDuel,4500
398,Alex Armah,CAR,RB,1,LV,25,19,0.19,0.04,null,FanDuel,4500
398,Duke Williams,BUF,WR,1,NYJ,13,25,0.18,0.04,null,FanDuel,4500
398,Michael Burton,NO,RB,1,TB,23,2,0.16,0.04,null,FanDuel,4500
398,Xavier Jones,LAR,RB,1,DAL,9,12,0.15,0.03,null,FanDuel,4500
398,Vyncint Smith,NYJ,WR,1,BUF,2,2,0.13,0.03,null,FanDuel,4500
398,Dwayne Washington,NO,RB,1,TB,23,2,0.13,0.03,null,FanDuel,4500
398,Isaiah Hodgins,BUF,WR,1,NYJ,13,25,0.12,0.03,null,FanDuel,4500
398,Scottie Phillips,HOU,RB,1,KC,11,27,0.1,0.02,null,FanDuel,4500
398,Josh Adams,NYJ,RB,1,BUF,2,13,0.1,0.02,null,FanDuel,4500
398,Ventell Bryant,DAL,WR,1,LAR,14,12,0.07,0.02,null,FanDuel,4500
398,Ishmael Hyman,CAR,WR,1,LV,25,23,0.06,0.01,null,FanDuel,4500
398,Rod Smith,NYG,RB,1,PIT,5,5,0.05,0.01,null,FanDuel,4500
398,Penny Hart,SEA,WR,1,ATL,21,17,0.05,0.01,null,FanDuel,4500
398,Jauan Jennings,SF,WR,1,ARI,31,22,0.04,0.01,null,FanDuel,4500
398,Marcus Kemp,KC,WR,1,HOU,27,20,0.04,0.01,null,FanDuel,4500
398,Isaiah Wright,WAS,WR,1,PHI,16,30,0.04,0.01,null,FanDuel,4500
398,Taywan Taylor,CLE,WR,1,BAL,3,12,0.03,0.01,null,FanDuel,4500
398,Tyler Simmons,HOU,WR,1,KC,11,3,0.03,0.01,null,FanDuel,4500
398,Dan Chisena,MIN,WR,1,GB,12,11,0.02,0,null,FanDuel,4500
398,DeAndrew White,BAL,WR,1,CLE,20,8,0.01,0,null,FanDuel,4500
398,Matthew Slater,NE,WR,1,MIA,32,31,0.01,0,null,FanDuel,4500
398,Stephen Sullivan,SEA,TE,1,ATL,21,19,0,0,null,FanDuel,4500
398,Isaiah Zuber,NE,WR,1,MIA,32,31,0,0,null,FanDuel,4500
398,Aaron Fuller,SEA,WR,1,ATL,21,17,0,0,null,FanDuel,4500
398,Marcell Ateman,LV,WR,1,CAR,26,19,0,0,null,FanDuel,4500
398,Cameron Batson,TEN,WR,1,DEN,8,9,0,0,null,FanDuel,4500
398,Kirk Merritt,MIA,WR,1,NE,1,1,0,0,null,FanDuel,4500
398,David Sills V,NYG,WR,1,PIT,5,6,0,0,null,FanDuel,4500
398,Jared Pinkney,ATL,TE,1,SEA,19,30,0,0,null,FanDuel,4500
398,Cody Thompson,SEA,WR,1,ATL,21,17,0,0,null,FanDuel,4500
398,Jon'Vea Johnson,DAL,WR,1,LAR,14,12,0,0,null,FanDuel,4500
398,JoJo Ward,ARI,WR,1,SF,4,14,0,0,null,FanDuel,4500
398,Gunner Olszewski,NE,WR,1,MIA,32,31,0,0,null,FanDuel,4500
398,Lawrence Cager,NYJ,WR,1,BUF,2,2,0,0,null,FanDuel,4500
398,Jacques Patrick,CIN,RB,1,LAC,7,22,0,0,null,FanDuel,4500
398,Deontay Burnett,PHI,WR,1,WAS,28,21,0,0,null,FanDuel,4500
398,JaMycal Hasty,SF,RB,1,ARI,31,21,0,0,null,FanDuel,4500
398,Anthony McFarland Jr.,PIT,RB,1,NYG,29,18,0,0,null,FanDuel,4500
398,Trayveon Williams,CIN,RB,1,LAC,7,22,0,0,null,FanDuel,4500
398,Rodney Adams,CHI,WR,1,DET,30,29,0,0,null,FanDuel,4500
398,Darius Anderson,IND,RB,1,JAX,22,31,0,0,null,FanDuel,4500
398,Sewo Olonilua,DAL,RB,1,LAR,14,17,0,0,null,FanDuel,4500
398,Mike Warren,PHI,RB,1,WAS,28,30,0,0,null,FanDuel,4500
398,Malcolm Perry,MIA,WR,1,NE,1,1,0,0,null,FanDuel,4500
398,Brandon Bolden,NE,RB,1,MIA,32,28,0,0,null,FanDuel,4500
398,Raymond Calais,LAR,RB,1,DAL,9,12,0,0,null,FanDuel,4500
398,Antoine Wesley,BAL,WR,1,CLE,20,8,0,0,null,FanDuel,4500
398,L'Jarius Sneed,KC,DB,1,HOU,27,null,0,0,null,FanDuel,4500
398,D.J. Foster,ARI,RB,1,SF,4,3,0,0,null,FanDuel,4500
398,Patrick Carr,SEA,RB,1,ATL,21,11,0,0,null,FanDuel,4500
398,De'Anthony Thomas,BAL,WR,1,CLE,20,8,0,0,null,FanDuel,4500
398,Keelan Doss,LV,WR,1,CAR,26,19,0,0,null,FanDuel,4500
398,Gabe Nabers,LAC,RB,1,CIN,24,24,0,0,null,FanDuel,4500
398,Nick Bawden,DET,RB,1,CHI,6,15,0,0,null,FanDuel,4500
398,Jordan Glasgow,IND,LB,1,JAX,22,null,0,0,null,FanDuel,4500
398,Tony Brown,WAS,WR,1,PHI,16,30,0,0,null,FanDuel,4500
398,Salvon Ahmed,MIA,RB,1,NE,1,1,0,0,null,FanDuel,4500
398,Da'Mari Scott,NYG,WR,1,PIT,5,6,0,0,null,FanDuel,4500
398,Reggie Gilliam,BUF,TE,1,NYJ,13,3,0,0,null,FanDuel,4500
398,Cullen Gillaspia,HOU,RB,1,KC,11,27,0,0,null,FanDuel,4500
398,Trishton Jackson,LAR,WR,1,DAL,9,7,0,0,null,FanDuel,4500
398,Damien Williams,KC,RB,1,HOU,27,26,0,0,null,FanDuel,4500
398,Donte Moncrief,NYJ,WR,1,BUF,2,2,0,0,null,FanDuel,4500
398,Jeff Smith,NYJ,WR,1,BUF,2,2,0,0,null,FanDuel,4500
398,Fred Brown,DEN,WR,1,TEN,17,16,0,0,null,FanDuel,4500
398,Nick Westbrook-Ikhine,TEN,WR,1,DEN,8,9,0,0,null,FanDuel,4500
398,Chad Beebe,MIN,WR,1,GB,12,11,0,0,null,FanDuel,4500
398,Quincy Adeboyejo,NE,WR,1,MIA,32,31,0,0,null,FanDuel,4500
398,Marqise Lee,NE,WR,1,MIA,32,31,0,0,null,FanDuel,4500
398,A.J. Richardson,ARI,WR,1,SF,4,14,0,0,null,FanDuel,4500
398,Patrick Taylor,GB,RB,1,MIN,10,14,0,0,null,FanDuel,4500
398,Christian Wade,BUF,RB,1,NYJ,13,9,0,0,null,FanDuel,4500
398,Adrian Killins Jr.,PHI,RB,1,WAS,28,30,0,0,null,FanDuel,4500
398,River Cracraft,SF,WR,1,ARI,31,22,0,0,null,FanDuel,4500
398,Damien Harris,NE,RB,1,MIA,32,28,0,0,null,FanDuel,4500
398,Austin Mack,NYG,WR,1,PIT,5,6,0,0,null,FanDuel,4500
398,Stephen Guidry,DAL,WR,1,LAR,14,12,0,0,null,FanDuel,4500
398,Scotty Washington,CIN,WR,1,LAC,7,4,0,0,null,FanDuel,4500
398,Steven Mitchell Jr.,HOU,WR,1,KC,11,3,0,0,null,FanDuel,4500
398,Cam Sims,WAS,WR,1,PHI,16,30,0,0,null,FanDuel,4500
398,John Hurst,TB,WR,1,NO,15,27,0,0,null,FanDuel,4500
398,Josh Pearson,TB,WR,1,NO,15,27,0,0,null,FanDuel,4500
398,Kristian Wilkerson,NE,WR,1,MIA,32,31,0,0,null,FanDuel,4500
398,Mason Kinsey,NE,WR,1,MIA,32,31,0,0,null,FanDuel,4500
398,Matt Cole,MIA,WR,1,NE,1,1,0,0,null,FanDuel,4500
398,J.J. Koski,LAR,WR,1,DAL,9,7,0,0,null,FanDuel,4500
398,Chris Rowland,ATL,WR,1,SEA,19,15,0,0,null,FanDuel,4500
398,Juwan Green,ATL,WR,1,SEA,19,15,0,0,null,FanDuel,4500
398,Aaron Parker,DAL,WR,1,LAR,14,12,0,0,null,FanDuel,4500
398,Reggie Begelton,GB,WR,1,MIN,10,24,0,0,null,FanDuel,4500
398,Tyron Johnson,LAC,WR,1,CIN,24,18,0,0,null,FanDuel,4500
398,Sandro Platzgummer,NYG,RB,1,PIT,5,5,0,0,null,FanDuel,4500
398,Donovan Peoples-Jones,CLE,WR,1,BAL,3,12,0,0,null,FanDuel,4500
398,Rysen John,NYG,TE,1,PIT,5,13,0,0,null,FanDuel,4500
398,Jeff Cotton,LAC,WR,1,CIN,24,18,0,0,null,FanDuel,4500
398,Juwan Johnson,NO,WR,1,TB,23,32,0,0,null,FanDuel,4500
398,DeMichael Harris,IND,WR,1,JAX,22,10,0,0,null,FanDuel,4500
398,Jaylon Moore,BAL,WR,1,CLE,20,8,0,0,null,FanDuel,4500
398,Dexter Williams,GB,RB,1,MIN,10,14,0,0,null,FanDuel,4500
398,Jeremy McNichols,TEN,RB,1,DEN,8,10,0,0,null,FanDuel,4500
398,Equanimeous St. Brown,GB,WR,1,MIN,10,24,0,0,null,FanDuel,4500
398,Geronimo Allison,DET,WR,1,CHI,6,5,0,0,null,FanDuel,4500
398,Brian Cole II,MIA,DB,1,NE,1,null,0,0,null,FanDuel,4500
398,Lil'Jordan Humphrey,NO,WR,1,TB,23,32,0,0,null,FanDuel,4500
398,Bryce Love,WAS,RB,1,PHI,16,7,0,0,null,FanDuel,4500
398,Kelvin Harmon,WAS,WR,1,PHI,16,30,0,0,null,FanDuel,4500
398,Trenton Irwin,CIN,WR,1,LAC,7,4,0,0,null,FanDuel,4500
398,Amara Darboh,PIT,WR,1,NYG,29,28,0,0,null,FanDuel,4500
398,Tony Jones Jr.,NO,RB,1,TB,23,2,0,0,null,FanDuel,4500
398,Omar Bayless,CAR,WR,1,LV,25,23,0,0,null,FanDuel,4500
398,Devin Funchess,GB,WR,1,MIN,10,24,0,0,null,FanDuel,4500
398,Blake Lynch,MIN,LB,1,GB,12,null,0,0,null,FanDuel,4500
398,Ja'Marcus Bradley,CLE,WR,1,BAL,3,12,0,0,null,FanDuel,4500
398,Levante Bellamy,DEN,RB,1,TEN,17,16,0,0,null,FanDuel,4500
398,Jonathan Ward,ARI,RB,1,SF,4,3,0,0,null,FanDuel,4500
398,Binjimen Victor,NYG,WR,1,PIT,5,6,0,0,null,FanDuel,4500
398,Marquise Goodwin,PHI,WR,1,WAS,28,21,0,0,null,FanDuel,4500
398,Trinity Benson,DEN,WR,1,TEN,17,16,0,0,null,FanDuel,4500
398,Jordan Veasy,WAS,WR,1,PHI,16,30,0,0,null,FanDuel,4500
398,Ty'Son Williams,BAL,RB,1,CLE,20,25,0,0,null,FanDuel,4500
398,Thomas Ives,CHI,WR,1,DET,30,29,0,0,null,FanDuel,4500
398,Marquez Callaway,NO,WR,1,TB,23,32,0,0,null,FanDuel,4500
398,Chase Harrell,SF,TE,1,ARI,31,32,0,0,null,FanDuel,4500
398,Noah Igbinoghene,MIA,DB,1,NE,1,null,0,0,null,FanDuel,4500
398,Wendell Smallwood,PIT,RB,1,NYG,29,18,0,0,null,FanDuel,4500
398,Kalija Lipscomb,KC,WR,1,HOU,27,20,0,0,null,FanDuel,4500
398,Devine Ozigbo,JAX,RB,1,IND,18,6,0,0,null,FanDuel,4500
398,Stanley Morgan,CIN,WR,1,LAC,7,4,0,0,null,FanDuel,4500
398,Elijah Holyfield,PHI,RB,1,WAS,28,30,0,0,null,FanDuel,4500
398,Josh Hammond,JAX,WR,1,IND,18,26,0,0,null,FanDuel,4500
398,La'Mical Perine,NYJ,RB,1,BUF,2,13,0,0,null,FanDuel,4500
398,Riley Ridley,CHI,WR,1,DET,30,29,0,0,null,FanDuel,4500
398,T.J. Logan,TB,RB,1,NO,15,4,0,0,null,FanDuel,4500
398,Dezmon Patmon,IND,WR,1,JAX,22,10,0,0,null,FanDuel,4500
398,Trey Edmunds,PIT,RB,1,NYG,29,18,0,0,null,FanDuel,4500
398,Jaylinn Hawkins,ATL,DB,1,SEA,19,null,0,0,null,FanDuel,4500
398,Danny Vitale,NE,RB,1,MIA,32,28,0,0,null,FanDuel,4500
398,Josh Doctson,NYJ,WR,1,BUF,2,2,0,0,null,FanDuel,4500
398,Maurice French,KC,WR,1,HOU,27,20,0,0,null,FanDuel,4500
398,Stantley Thomas-Oliver III,CAR,DB,1,LV,25,null,0,0,null,FanDuel,4500
398,Bruce Anderson III,IND,RB,1,JAX,22,31,0,0,null,FanDuel,4500
398,Jason Moore,LAC,WR,1,CIN,24,18,0,0,null,FanDuel,4500
398,DeeJay Dallas,SEA,RB,1,ATL,21,11,0,0,null,FanDuel,4500
398,Artavis Pierce,CHI,RB,1,DET,30,29,0,0,null,FanDuel,4500
398,Terry Godwin,JAX,WR,1,IND,18,26,0,0,null,FanDuel,4500
398,Kerrith Whyte,DET,RB,1,CHI,6,15,0,0,null,FanDuel,4500
398,Tom Kennedy,DET,WR,1,CHI,6,5,0,0,null,FanDuel,4500
398,John Kelly,CLE,RB,1,BAL,3,8,0,0,null,FanDuel,4500
398,Francis Bernard,DAL,LB,1,LAR,14,null,0,0,null,FanDuel,4500
398,JoJo Natson,CLE,WR,1,BAL,3,12,-0.15,-0.03,null,FanDuel,4500
632,Chicago Bears,CHI,DST,1,DET,null,null,7.1,1.61,null,FanDuel,4400
632,Vance McDonald,PIT,TE,1,NYG,29,23,3.11,0.71,null,FanDuel,4400
632,David Njoku,CLE,TE,1,BAL,3,1,2.82,0.64,null,FanDuel,4400
632,Jesse James,DET,TE,1,CHI,6,18,2.48,0.56,null,FanDuel,4400
632,Cameron Brate,TB,TE,1,NO,15,9,2.24,0.51,null,FanDuel,4400
632,Maxx Williams,ARI,TE,1,SF,4,4,2.08,0.47,null,FanDuel,4400
638,Minnesota Vikings,MIN,DST,1,GB,null,null,7.5,1.74,null,FanDuel,4300
638,Jordan Akins,HOU,TE,1,KC,11,22,3.93,0.91,null,FanDuel,4300
638,Ryan Griffin,NYJ,TE,1,BUF,2,5,2.33,0.54,null,FanDuel,4300
638,Tyler Kroft,BUF,TE,1,NYJ,13,3,1.81,0.42,null,FanDuel,4300
638,Kaden Smith,NYG,TE,1,PIT,5,13,1.39,0.32,null,FanDuel,4300
638,Jeremy Sprinkle,WAS,TE,1,PHI,16,6,0.9,0.21,null,FanDuel,4300
638,Marcedes Lewis,GB,TE,1,MIN,10,2,0.87,0.2,null,FanDuel,4300
645,Kansas City Chiefs,KC,DST,1,HOU,null,null,8.9,2.12,null,FanDuel,4200
645,Los Angeles Chargers,LAC,DST,1,CIN,null,null,7.8,1.86,null,FanDuel,4200
645,Robert Tonyan,GB,TE,1,MIN,10,2,3.51,0.84,null,FanDuel,4200
645,Dan Arnold,ARI,TE,1,SF,4,4,3.06,0.73,null,FanDuel,4200
645,Jaeden Graham,ATL,TE,1,SEA,19,30,2.98,0.71,null,FanDuel,4200
645,Anthony Firkser,TEN,TE,1,DEN,8,14,2.56,0.61,null,FanDuel,4200
645,Jacob Hollister,SEA,TE,1,ATL,21,19,2.13,0.51,null,FanDuel,4200
645,Josh Hill,NO,TE,1,TB,23,25,1.81,0.43,null,FanDuel,4200
645,Demetrius Harris,CHI,TE,1,DET,30,15,1.32,0.31,null,FanDuel,4200
645,Drew Sample,CIN,TE,1,LAC,7,8,0.78,0.19,null,FanDuel,4200
645,Ross Dwelley,SF,TE,1,ARI,31,32,0.38,0.09,null,FanDuel,4200
645,Lee Smith,BUF,TE,1,NYJ,13,3,0,0,null,FanDuel,4200
645,Ricky Seals-Jones,KC,TE,1,HOU,27,24,0,0,null,FanDuel,4200
658,New Orleans Saints,NO,DST,1,TB,null,null,7,1.71,null,FanDuel,4100
658,Devin Asiasi,NE,TE,1,MIA,32,16,4.29,1.05,null,FanDuel,4100
658,Jace Sternberger,GB,TE,1,MIN,10,2,2.77,0.68,null,FanDuel,4100
658,MyCole Pruitt,TEN,TE,1,DEN,8,14,1.69,0.41,null,FanDuel,4100
658,Foster Moreau,LV,TE,1,CAR,26,7,1.48,0.36,null,FanDuel,4100
658,Virgil Green,LAC,TE,1,CIN,24,12,0.93,0.23,null,FanDuel,4100
658,Durham Smythe,MIA,TE,1,NE,1,10,0.73,0.18,null,FanDuel,4100
658,Chris Manhertz,CAR,TE,1,LV,25,31,0.43,0.1,null,FanDuel,4100
658,Luke Willson,SEA,TE,1,ATL,21,19,0.39,0.1,null,FanDuel,4100
658,Deon Yelder,KC,TE,1,HOU,27,24,0.32,0.08,null,FanDuel,4100
658,Hale Hentges,WAS,TE,1,PHI,16,6,0.1,0.02,null,FanDuel,4100
658,Tommy Sweeney,BUF,TE,1,NYJ,13,3,0,0,null,FanDuel,4100
670,Tennessee Titans,TEN,DST,1,DEN,null,null,7.5,1.88,null,FanDuel,4000
670,Seattle Seahawks,SEA,DST,1,ATL,null,null,6.3,1.58,null,FanDuel,4000
670,Logan Thomas,WAS,TE,1,PHI,16,6,4.67,1.17,null,FanDuel,4000
670,Jordan Reed,SF,TE,1,ARI,31,32,4.31,1.08,null,FanDuel,4000
670,Mo Alie-Cox,IND,TE,1,JAX,22,20,2.43,0.61,null,FanDuel,4000
670,James O'Shaughnessy,JAX,TE,1,IND,18,11,2.13,0.53,null,FanDuel,4000
670,Adam Shaheen,MIA,TE,1,NE,1,10,2.11,0.53,null,FanDuel,4000
670,Ryan Izzo,NE,TE,1,MIA,32,16,1.76,0.44,null,FanDuel,4000
670,Adam Trautman,NO,TE,1,TB,23,25,1.72,0.43,null,FanDuel,4000
670,Jake Butt,DEN,TE,1,TEN,17,27,1.69,0.42,null,FanDuel,4000
670,Kahale Warring,HOU,TE,1,KC,11,22,1.41,0.35,null,FanDuel,4000
670,Josiah Deguara,GB,TE,1,MIN,10,2,0.94,0.24,null,FanDuel,4000
670,Thaddeus Moss,WAS,TE,1,PHI,16,6,0.86,0.22,null,FanDuel,4000
670,Harrison Bryant,CLE,TE,1,BAL,3,1,0.85,0.21,null,FanDuel,4000
670,Dalton Schultz,DAL,TE,1,LAR,14,21,0.77,0.19,null,FanDuel,4000
670,Blake Bell,DAL,TE,1,LAR,14,21,0.75,0.19,null,FanDuel,4000
670,Nick Vannett,DEN,TE,1,TEN,17,27,0.67,0.17,null,FanDuel,4000
670,Andrew Beck,DEN,TE,1,TEN,17,27,0.63,0.16,null,FanDuel,4000
670,Luke Stocker,ATL,TE,1,SEA,19,30,0.63,0.16,null,FanDuel,4000
670,Colby Parkinson,SEA,TE,1,ATL,21,19,0.49,0.12,null,FanDuel,4000
670,Charlie Woerner,SF,TE,1,ARI,31,32,0.49,0.12,null,FanDuel,4000
670,Trevon Wesco,NYJ,TE,1,BUF,2,5,0.47,0.12,null,FanDuel,4000
670,Richard Rodgers,PHI,TE,1,WAS,28,28,0.4,0.1,null,FanDuel,4000
670,Levine Toilolo,NYG,TE,1,PIT,5,13,0.39,0.1,null,FanDuel,4000
670,Tyler Conklin,MIN,TE,1,GB,12,17,0.36,0.09,null,FanDuel,4000
670,Derek Carrier,LV,TE,1,CAR,26,7,0.33,0.08,null,FanDuel,4000
670,Stephen Carlson,CLE,TE,1,BAL,3,1,0.29,0.07,null,FanDuel,4000
670,Stephen Anderson,LAC,TE,1,CIN,24,12,0.28,0.07,null,FanDuel,4000
670,Isaac Nauta,DET,TE,1,CHI,6,18,0.26,0.06,null,FanDuel,4000
670,Cethan Carter,CIN,TE,1,LAC,7,8,0.24,0.06,null,FanDuel,4000
670,J.P. Holtz,CHI,TE,1,DET,30,15,0.21,0.05,null,FanDuel,4000
670,Johnny Mundt,LAR,TE,1,DAL,9,26,0.2,0.05,null,FanDuel,4000
670,Nick O'Leary,LV,TE,1,CAR,26,7,0.19,0.05,null,FanDuel,4000
670,Jason Croom,BUF,TE,1,NYJ,13,3,0.16,0.04,null,FanDuel,4000
670,Antony Auclair,TB,TE,1,NO,15,9,0.15,0.04,null,FanDuel,4000
670,Darrell Daniels,ARI,TE,1,SF,4,4,0.15,0.04,null,FanDuel,4000
670,Jesper Horsted,CHI,TE,1,DET,30,15,0.13,0.03,null,FanDuel,4000
670,Marcus Baugh,WAS,TE,1,PHI,16,6,0.12,0.03,null,FanDuel,4000
670,Cole Hikutini,DAL,TE,1,LAR,14,21,0.05,0.01,null,FanDuel,4000
670,Jason Vander Laan,NO,TE,1,TB,23,25,0.04,0.01,null,FanDuel,4000
670,Daniel Brown,NYJ,TE,1,BUF,2,5,0.04,0.01,null,FanDuel,4000
670,Eric Tomlinson,NYG,TE,1,PIT,5,13,0.01,0,null,FanDuel,4000
670,Ben Ellefson,JAX,TE,1,IND,18,11,0.01,0,null,FanDuel,4000
670,Jacob Breeland,BAL,TE,1,CLE,20,29,0,0,null,FanDuel,4000
670,Caleb Wilson,PHI,TE,1,WAS,28,28,0,0,null,FanDuel,4000
670,Eric Saubert,CHI,TE,1,DET,30,15,0,0,null,FanDuel,4000
670,Brycen Hopkins,LAR,TE,1,DAL,9,26,0,0,null,FanDuel,4000
670,Tyler Mabry,SEA,TE,1,ATL,21,19,0,0,null,FanDuel,4000
670,Garrett Griffin,NO,TE,1,TB,23,25,0,0,null,FanDuel,4000
670,Josh Oliver,JAX,TE,1,IND,18,11,0,0,null,FanDuel,4000
670,Mason Schreck,CIN,TE,1,LAC,7,8,0,0,null,FanDuel,4000
670,Kendall Blanton,LAR,TE,1,DAL,9,26,0,0,null,FanDuel,4000
670,Zach Gentry,PIT,TE,1,NYG,29,23,0,0,null,FanDuel,4000
670,Hunter Bryant,DET,TE,1,CHI,6,18,0,0,null,FanDuel,4000
670,Jake Burt,NE,TE,1,MIA,32,16,0,0,null,FanDuel,4000
670,Nick Bowers,LV,TE,1,CAR,26,7,0,0,null,FanDuel,4000
670,Matt LaCosse,NE,TE,1,MIA,32,16,0,0,null,FanDuel,4000
670,Farrod Green,IND,TE,1,JAX,22,20,0,0,null,FanDuel,4000
670,Sean McKeon,DAL,TE,1,LAR,14,21,0,0,null,FanDuel,4000
670,Tanner Hudson,TB,TE,1,NO,15,9,0,0,null,FanDuel,4000
670,Albert Okwuegbunam,DEN,TE,1,TEN,17,27,0,0,null,FanDuel,4000
670,Josh Perkins,PHI,TE,1,WAS,28,28,0,0,null,FanDuel,4000
670,Kevin Rader,PIT,TE,1,NYG,29,23,0,0,null,FanDuel,4000
670,Noah Togiai,IND,TE,1,JAX,22,20,0,0,null,FanDuel,4000
670,Tommy Hudson,TEN,TE,1,DEN,8,14,0,0,null,FanDuel,4000
670,Brandon Dillon,MIN,TE,1,GB,12,17,0,0,null,FanDuel,4000
670,Eli Wolf,BAL,TE,1,CLE,20,29,0,0,null,FanDuel,4000
670,Jake Bargas,MIN,RB,1,GB,12,23,0,0,null,FanDuel,4000
670,Chris Myarick,MIA,TE,1,NE,1,10,0,0,null,FanDuel,4000
670,Geoff Swaim,TEN,TE,1,DEN,8,14,0,0,null,FanDuel,4000
670,Mitchell Wilcox,CIN,TE,1,LAC,7,8,0,0,null,FanDuel,4000
670,Charlie Taumoepeau,IND,TE,1,JAX,22,20,0,0,null,FanDuel,4000
670,Donald Parham Jr.,LAC,TE,1,CIN,24,12,0,0,null,FanDuel,4000
670,Rashod Berry,NE,TE,1,MIA,32,16,0,0,null,FanDuel,4000
670,Giovanni Ricci,CAR,TE,1,LV,25,31,0,0,null,FanDuel,4000
670,Dalton Keene,NE,TE,1,MIA,32,16,0,0,null,FanDuel,4000
670,Sam Tecklenburg,CAR,TE,1,LV,null,null,null,null,null,FanDuel,4000
670,Danny Pinter,IND,TE,1,JAX,null,null,null,null,null,FanDuel,4000
670,Jack Driscoll,PHI,TE,1,WAS,null,null,null,null,null,FanDuel,4000
670,Charlie Heck,HOU,TE,1,KC,null,null,null,null,null,FanDuel,4000
670,Ryan Roberts,null,TE,1,CIN,null,null,null,null,null,FanDuel,4000
751,New York Jets,NYJ,DST,1,BUF,null,null,6,1.54,null,FanDuel,3900
751,Green Bay Packers,GB,DST,1,MIN,null,null,5.9,1.51,null,FanDuel,3900
753,Dallas Cowboys,DAL,DST,1,LAR,null,null,6.1,1.61,null,FanDuel,3800
753,Tampa Bay Buccaneers,TB,DST,1,NO,null,null,5.2,1.37,null,FanDuel,3800
755,Indianapolis Colts,IND,DST,1,JAX,null,null,8.6,2.32,null,FanDuel,3700
755,Detroit Lions,DET,DST,1,CHI,null,null,8.2,2.22,null,FanDuel,3700
755,Los Angeles Rams,LAR,DST,1,DAL,null,null,5.7,1.54,null,FanDuel,3700
758,Cincinnati Bengals,CIN,DST,1,LAC,null,null,6.4,1.78,null,FanDuel,3600
758,Atlanta Falcons,ATL,DST,1,SEA,null,null,5.8,1.61,null,FanDuel,3600
760,Jacksonville Jaguars,JAX,DST,1,IND,null,null,5.4,1.54,null,FanDuel,3500
760,Miami Dolphins,MIA,DST,1,NE,null,null,5.3,1.51,null,FanDuel,3500
762,Carolina Panthers,CAR,DST,1,LV,null,null,6.1,1.79,null,FanDuel,3400
762,New York Giants,NYG,DST,1,PIT,null,null,5.8,1.71,null,FanDuel,3400
762,Washington Football Team,WAS,DST,1,PHI,null,null,5.3,1.56,null,FanDuel,3400
765,Arizona Cardinals,ARI,DST,1,SF,null,null,5.8,1.76,null,FanDuel,3300
766,Las Vegas Raiders,LV,DST,1,CAR,null,null,6.5,2.03,null,FanDuel,3200
767,Cleveland Browns,CLE,DST,1,BAL,null,null,4.4,1.47,null,FanDuel,3000
767,Houston Texans,HOU,DST,1,KC,null,null,3.9,1.3,null,FanDuel,3000
